dzien_czas,id_farmy,zrodlo,moc_DC,moc_AC,wydajnosc,wydajnosc_sum
21-05-2021 07:45,1,a,3946.25,387.775,296.25,6298642.25
21-05-2021 07:45,1,b,3553.4,348.88,343.2,6225770.2
21-05-2021 07:45,1,c,3534.6,347.02,342.2,7029836.2
21-05-2021 07:45,1,d,3403.8,334.28,328.8,7644308.8
21-05-2021 07:45,1,e,3339.8,328.12,315.6,7201377.6
21-05-2021 07:45,1,f,3504.6,344.08,338.0,7248862.0
21-05-2021 07:45,1,g,3475.2,341.2,338.2,7070063.2
21-05-2021 07:45,1,w,3283.0,322.54,311.6,7221605.6
21-05-2021 07:45,1,h,4204.5,413.05,313.5,6564358.5
21-05-2021 07:45,1,i,4033.0,396.225,299.0,7139367.0
21-05-2021 07:45,1,j,3605.0,353.9,349.2,6313964.2
21-05-2021 07:45,1,k,3109.2,305.54,298.2,6355336.2
21-05-2021 07:45,1,l,3257.0,320.0,309.4,7219914.4
21-05-2021 07:45,1,m,3278.0,322.08,311.2,6226252.2
21-05-2021 07:45,1,n,3171.8,311.64,300.2,7210498.2
21-05-2021 07:45,1,o,3203.6,314.76,302.2,7152935.2
21-05-2021 07:45,1,p,3255.6,319.86,308.6,7058369.6
21-05-2021 07:45,1,q,4057.5,398.65,302.5,7080413.5
21-05-2021 07:45,1,r,3253.0,319.6,304.0,6824548.0
21-05-2021 07:45,1,s,3321.0,326.28,312.6,7049573.6
21-05-2021 07:45,1,t,3257.8,320.08,307.8,6381169.8
21-05-2021 07:45,1,u,3250.2,319.34,306.6,7157485.6
21-05-2021 08:00,1,a,3089.833333,303.1166667,241.3333333,6298697.0
21-05-2021 08:00,1,b,5197.6,509.52,412.0,6225839.0
21-05-2021 08:00,1,c,5169.8,506.8,416.0,7029910.0
21-05-2021 08:00,1,d,5006.8,490.86,316.8,7644368.2
21-05-2021 08:00,1,e,3292.5,322.7833333,251.3333333,7201427.667
21-05-2021 08:00,1,f,5145.8,504.44,326.0,7248923.4
21-05-2021 08:00,1,g,5096.4,499.64,405.0,7070130.0
21-05-2021 08:00,1,w,4051.5,397.2166667,251.0,7221658.0
21-05-2021 08:00,1,h,4133.333333,405.2333333,258.1666667,6564419.5
21-05-2021 08:00,1,i,3984.0,390.85,249.3333333,7139428.667
21-05-2021 08:00,1,j,5261.4,515.74,416.6,6314031.6
21-05-2021 08:00,1,k,3049.166667,299.3166667,237.1666667,6355383.167
21-05-2021 08:00,1,l,4818.0,472.4,297.2,7219964.333
21-05-2021 08:00,1,m,2925.6,286.84,227.6,6226301.333
21-05-2021 08:00,1,n,3953.333333,387.6333333,301.0,7210553.667
21-05-2021 08:00,1,o,4738.2,464.86,295.0,7152994.0
21-05-2021 08:00,1,p,3865.8,379.08,295.6,7058423.8
21-05-2021 08:00,1,q,4829.8,473.54,369.2,7080474.667
21-05-2021 08:00,1,r,3204.166667,314.1666667,243.0,6824597.333
21-05-2021 08:00,1,s,3901.6,382.54,299.2,7049628.2
21-05-2021 08:00,1,t,4822.2,472.82,298.4,6381222.333
21-05-2021 08:00,1,u,4805.0,471.1,298.0,7157544.0
21-05-2021 08:15,1,a,5397.875,529.0875,460.875,6298806.875
21-05-2021 08:15,1,b,5972.5,585.2375,532.0,6225959.0
21-05-2021 08:15,1,c,6079.75,595.7125,536.125,7030030.125
21-05-2021 08:15,1,d,5752.428571,563.7428571,494.5714286,7644474.571
21-05-2021 08:15,1,e,5751.142857,563.6285714,477.2857143,7201539.286
21-05-2021 08:15,1,f,5991.714286,587.1142857,508.4285714,7249032.429
21-05-2021 08:15,1,g,5873.25,575.5375,527.625,7070252.625
21-05-2021 08:15,1,w,5690.571429,557.6714286,472.7142857,7221766.714
21-05-2021 08:15,1,h,5782.285714,566.6714286,486.5714286,6564531.571
21-05-2021 08:15,1,i,5266.714286,516.3,469.5714286,7139537.571
21-05-2021 08:15,1,j,6191.125,606.5625,540.875,6314155.875
21-05-2021 08:15,1,k,5412.875,530.525,455.125,6355493.125
21-05-2021 08:15,1,l,5469.75,536.175,476.0,7220081.0
21-05-2021 08:15,1,m,5650.857143,553.8,471.4285714,6226413.143
21-05-2021 08:15,1,n,5613.0,550.125,471.625,7210669.625
21-05-2021 08:15,1,o,5614.375,550.2375,473.75,7153106.75
21-05-2021 08:15,1,p,5556.571429,544.5714286,464.7142857,7058525.714
21-05-2021 08:15,1,q,5724.125,560.9875,484.25,7080595.25
21-05-2021 08:15,1,r,5610.285714,549.8571429,459.4285714,6824703.429
21-05-2021 08:15,1,s,5729.142857,561.4571429,470.5714286,7049731.571
21-05-2021 08:15,1,t,5642.875,553.0375,475.875,6381337.875
21-05-2021 08:15,1,u,5643.5,553.1,476.0,7157655.0
21-05-2021 08:30,1,a,6313.285714,618.4857143,603.5714286,6298949.571
21-05-2021 08:30,1,b,6772.142857,663.3571429,684.1428571,6226111.143
21-05-2021 08:30,1,c,7086.428571,693.9571429,696.0,7030190.0
21-05-2021 08:30,1,d,6700.625,656.35,645.125,7644625.125
21-05-2021 08:30,1,e,6348.375,621.9875,625.0,7201687.0
21-05-2021 08:30,1,f,6939.375,679.6125,666.625,7249190.625
21-05-2021 08:30,1,g,6847.857143,670.6857143,683.0,7070408.0
21-05-2021 08:30,1,w,6143.5,601.8375,614.625,7221908.625
21-05-2021 08:30,1,h,6523.25,639.025,639.125,6564684.125
21-05-2021 08:30,1,i,6004.125,588.3625,604.375,7139672.375
21-05-2021 08:30,1,j,7156.142857,700.7714286,706.1428571,6314321.143
21-05-2021 08:30,1,k,6255.0,612.8142857,597.4285714,6355635.429
21-05-2021 08:30,1,l,6320.428571,619.1857143,623.0,7220228.0
21-05-2021 08:30,1,m,6192.142857,606.7,620.4285714,6226558.857
21-05-2021 08:30,1,n,6582.857143,644.8285714,619.1428571,7210817.143
21-05-2021 08:30,1,o,6385.0,625.5285714,620.8571429,7153253.857
21-05-2021 08:30,1,p,6137.0,601.275,610.0,7058671.0
21-05-2021 08:30,1,q,6658.428571,652.2,637.0,7080748.0
21-05-2021 08:30,1,r,6064.875,594.3125,596.625,6824840.625
21-05-2021 08:30,1,s,6504.375,637.1375,616.75,7049877.75
21-05-2021 08:30,1,t,6129.428571,600.5142857,620.0,6381482.0
21-05-2021 08:30,1,u,6508.714286,637.5857143,626.1428571,7157805.143
21-05-2021 08:45,1,a,7093.714286,694.6714286,756.0,6299102.0
21-05-2021 08:45,1,b,7891.75,772.525,868.25,6226295.25
21-05-2021 08:45,1,c,7911.375,774.4375,879.75,7030373.75
21-05-2021 08:45,1,d,7656.428571,749.5857143,820.0,7644800.0
21-05-2021 08:45,1,e,7680.285714,751.8857143,797.1428571,7201859.143
21-05-2021 08:45,1,f,7882.571429,771.6285714,846.7142857,7249370.714
21-05-2021 08:45,1,g,7768.0,760.45,862.5,7070587.5
21-05-2021 08:45,1,w,7542.142857,738.4142857,784.7142857,7222078.714
21-05-2021 08:45,1,h,7716.0,755.3857143,820.8571429,6564865.857
21-05-2021 08:45,1,i,7401.571429,724.7,769.0,7139837.0
21-05-2021 08:45,1,j,8004.875,783.525,891.5,6314506.5
21-05-2021 08:45,1,k,6995.714286,685.1142857,747.7142857,6355785.714
21-05-2021 08:45,1,l,7199.625,704.9375,785.0,7220390.0
21-05-2021 08:45,1,m,7494.5,733.7833333,780.3333333,6226721.333
21-05-2021 08:45,1,n,7346.0,719.2571429,779.7142857,7210977.714
21-05-2021 08:45,1,o,7401.875,724.7375,786.0,7153419.0
21-05-2021 08:45,1,p,7301.285714,714.8857143,774.8571429,7058835.857
21-05-2021 08:45,1,q,6996.571429,685.1857143,793.7142857,7080904.714
21-05-2021 08:45,1,r,7525.285714,736.7714286,766.8571429,6825010.857
21-05-2021 08:45,1,s,7607.714286,744.8142857,790.5714286,7050051.571
21-05-2021 08:45,1,t,7444.875,728.95,786.25,6381648.25
21-05-2021 08:45,1,u,7325.25,717.25,795.125,7157974.125
21-05-2021 09:00,1,a,7514.375,735.7,935.625,6299281.625
21-05-2021 09:00,1,b,8578.857143,839.4285714,1074.714286,6226501.714
21-05-2021 09:00,1,c,8427.857143,824.7428571,1080.857143,7030574.857
21-05-2021 09:00,1,d,8238.375,806.2625,1020.5,7645000.5
21-05-2021 09:00,1,e,8342.625,816.4375,994.75,7202056.75
21-05-2021 09:00,1,f,8403.125,822.3,1044.375,7249568.375
21-05-2021 09:00,1,g,8413.571429,823.3428571,1058.0,7070783.0
21-05-2021 09:00,1,w,7903.375,773.5625,977.25,7222271.25
21-05-2021 09:00,1,h,8312.142857,813.4857143,1002.0,6565047.0
21-05-2021 09:00,1,i,8129.375,795.6625,958.25,7140026.25
21-05-2021 09:00,1,j,8581.285714,839.6571429,1095.428571,6314710.429
21-05-2021 09:00,1,k,7422.0,726.6625,922.75,6355960.75
21-05-2021 09:00,1,l,8470.571429,828.9,978.0,7220583.0
21-05-2021 09:00,1,m,7869.142857,770.3,963.4285714,6226904.429
21-05-2021 09:00,1,n,7873.25,770.6625,971.5,7211169.5
21-05-2021 09:00,1,o,8157.0,798.3571429,977.7142857,7153610.714
21-05-2021 09:00,1,p,8102.0,792.9875,967.625,7059028.625
21-05-2021 09:00,1,q,8273.875,809.7375,980.125,7081091.125
21-05-2021 09:00,1,r,8051.25,788.05,962.625,6825206.625
21-05-2021 09:00,1,s,8163.5,798.9875,989.25,7050250.25
21-05-2021 09:00,1,t,8448.714286,826.7857143,980.7142857,6381842.714
21-05-2021 09:00,1,u,8367.857143,818.9,988.7142857,7158167.714
21-05-2021 09:15,1,a,7762.285714,759.7714286,1125.714286,6299471.714
21-05-2021 09:15,1,b,8598.125,841.1875,1279.625,6226706.625
21-05-2021 09:15,1,c,8550.75,836.5125,1288.625,7030782.625
21-05-2021 09:15,1,d,8200.285714,802.4714286,1220.857143,7645200.857
21-05-2021 09:15,1,e,9075.428571,887.7857143,1206.428571,7202268.429
21-05-2021 09:15,1,f,8786.857143,859.5857143,1259.285714,7249783.286
21-05-2021 09:15,1,g,8818.5,862.7375,1268.625,7070993.625
21-05-2021 09:15,1,w,8709.0,852.0285714,1178.428571,7222472.429
21-05-2021 09:15,1,h,8502.75,831.925,1209.125,6565254.125
21-05-2021 09:15,1,i,8496.857143,831.3714286,1156.285714,7140224.286
21-05-2021 09:15,1,j,8605.625,841.9125,1303.25,6314918.25
21-05-2021 09:15,1,k,7875.571429,770.8714286,1112.571429,6356150.571
21-05-2021 09:15,1,l,9128.0,892.9285714,1179.285714,7220784.286
21-05-2021 09:15,1,m,8703.75,851.55,1167.375,6227108.375
21-05-2021 09:15,1,n,9118.428571,892.0,1176.857143,7211374.857
21-05-2021 09:15,1,o,9176.375,897.65,1191.375,7153824.375
21-05-2021 09:15,1,p,8970.142857,877.5428571,1178.428571,7059239.429
21-05-2021 09:15,1,q,9203.0,900.2428571,1193.285714,7081304.286
21-05-2021 09:15,1,r,8619.142857,843.3428571,1168.285714,6825412.286
21-05-2021 09:15,1,s,9212.857143,901.2,1198.857143,7050459.857
21-05-2021 09:15,1,t,9186.285714,898.5857143,1182.428571,6382044.429
21-05-2021 09:15,1,u,9197.125,899.6625,1205.0,7158384.0
21-05-2021 09:30,1,a,9090.5,889.2625,1335.75,6299681.75
21-05-2021 09:30,1,b,10248.85714,1001.957143,1515.571429,6226942.571
21-05-2021 09:30,1,c,10200.14286,997.2571429,1523.142857,7031017.143
21-05-2021 09:30,1,d,9852.0,963.375,1446.375,7645426.375
21-05-2021 09:30,1,e,9995.875,977.3875,1440.25,7202502.25
21-05-2021 09:30,1,f,10063.375,983.9625,1491.125,7250015.125
21-05-2021 09:30,1,g,9853.285714,963.5285714,1494.857143,7071219.857
21-05-2021 09:30,1,w,9805.25,958.8375,1404.5,7222698.5
21-05-2021 09:30,1,h,9794.857143,957.8285714,1432.142857,6565477.143
21-05-2021 09:30,1,i,9721.375,950.675,1380.25,7140448.25
21-05-2021 09:30,1,j,10354.71429,1012.271429,1541.571429,6315156.571
21-05-2021 09:30,1,k,8991.0,879.5875,1316.375,6356354.375
21-05-2021 09:30,1,l,9860.5,964.2375,1411.125,7221016.125
21-05-2021 09:30,1,m,9623.0,941.0857143,1388.714286,6227329.714
21-05-2021 09:30,1,n,9824.75,960.7375,1407.5,7211605.5
21-05-2021 09:30,1,o,9836.142857,961.8428571,1422.857143,7154055.857
21-05-2021 09:30,1,p,9770.625,955.45,1407.625,7059468.625
21-05-2021 09:30,1,q,9942.625,972.1875,1424.25,7081535.25
21-05-2021 09:30,1,r,9799.0,958.225,1393.125,6825637.125
21-05-2021 09:30,1,s,9803.625,958.675,1428.25,7050689.25
21-05-2021 09:30,1,t,9872.125,965.35,1414.5,6382276.5
21-05-2021 09:30,1,u,9882.714286,966.3428571,1437.0,7158616.0
21-05-2021 09:45,1,a,9877.571429,965.8714286,1568.857143,6299914.857
21-05-2021 09:45,1,b,10488.85714,1024.914286,1751.714286,6227178.714
21-05-2021 09:45,1,c,9971.25,974.5625,1780.375,7031274.375
21-05-2021 09:45,1,d,10251.71429,1001.9,1692.714286,7645672.714
21-05-2021 09:45,1,e,10255.28571,1002.185714,1682.0,7202744.0
21-05-2021 09:45,1,f,10744.14286,1049.8,1745.142857,7250269.143
21-05-2021 09:45,1,g,10345.5,1011.0375,1745.75,7071470.75
21-05-2021 09:45,1,w,10508.28571,1027.042857,1648.285714,7222942.286
21-05-2021 09:45,1,h,10712.625,1046.8,1688.625,6565733.625
21-05-2021 09:45,1,i,9942.428571,971.8857143,1620.142857,7140688.143
21-05-2021 09:45,1,j,10644.42857,1040.1,1781.285714,6315396.286
21-05-2021 09:45,1,k,9729.285714,951.4428571,1549.285714,6356587.286
21-05-2021 09:45,1,l,9863.285714,964.0428571,1644.142857,7221249.143
21-05-2021 09:45,1,m,10380.5,1014.4625,1632.5,6227573.5
21-05-2021 09:45,1,n,8894.571429,869.9857143,1630.142857,7211828.143
21-05-2021 09:45,1,o,9316.571429,910.9428571,1630.0,7154263.0
21-05-2021 09:45,1,p,10035.85714,981.0285714,1641.142857,7059702.143
21-05-2021 09:45,1,q,8530.714286,834.6285714,1655.571429,7081766.571
21-05-2021 09:45,1,r,10397.57143,1016.385714,1638.571429,6825882.571
21-05-2021 09:45,1,s,10107.85714,988.1714286,1667.571429,7050928.571
21-05-2021 09:45,1,t,9806.857143,958.4428571,1650.571429,6382512.571
21-05-2021 09:45,1,u,9253.285714,904.9142857,1648.857143,7158827.857
21-05-2021 10:00,1,a,6160.571429,602.6,1257.857143,6300099.571
21-05-2021 10:00,1,b,5771.571429,564.3,1394.571429,6227373.286
21-05-2021 10:00,1,c,7451.2,727.66,1584.6,7031461.5
21-05-2021 10:00,1,d,4277.0,418.2142857,1345.857143,7645855.857
21-05-2021 10:00,1,e,6822.5,665.8166667,1250.5,7202931.833
21-05-2021 10:00,1,f,4444.714286,434.6,1387.285714,7250457.286
21-05-2021 10:00,1,g,5636.333333,551.2833333,1300.5,7071663.833
21-05-2021 10:00,1,w,6322.666667,617.7833333,1531.0,7223128.0
21-05-2021 10:00,1,h,8219.833333,802.7833333,1596.833333,6565951.667
21-05-2021 10:00,1,i,7055.2,689.6,1447.4,7140872.8
21-05-2021 10:00,1,j,7879.142857,769.4428571,1708.285714,6315603.286
21-05-2021 10:00,1,k,6167.428571,603.2428571,1236.714286,6356761.286
21-05-2021 10:00,1,l,5196.428571,508.2714286,1310.714286,7221432.857
21-05-2021 10:00,1,m,6981.857143,682.2142857,1578.571429,6227777.429
21-05-2021 10:00,1,n,6029.428571,589.5142857,1290.714286,7211997.0
21-05-2021 10:00,1,o,5628.142857,550.5571429,1295.285714,7154439.714
21-05-2021 10:00,1,p,6277.0,613.5333333,1217.166667,7059880.833
21-05-2021 10:00,1,q,6289.571429,614.4571429,1310.714286,7081937.143
21-05-2021 10:00,1,r,5408.142857,528.1,1318.285714,6826081.714
21-05-2021 10:00,1,s,5273.0,515.0857143,1337.142857,7051125.286
21-05-2021 10:00,1,t,4979.571429,487.1285714,1311.571429,6382691.286
21-05-2021 10:00,1,u,5706.0,557.7142857,1313.428571,7159010.429
21-05-2021 10:15,1,a,5702.714286,558.6571429,1883.0,6300229.0
21-05-2021 10:15,1,b,7354.857143,719.0857143,2075.571429,6227502.571
21-05-2021 10:15,1,c,7224.0,706.5,2089.571429,7031583.571
21-05-2021 10:15,1,d,7050.285714,689.4857143,2004.285714,7645984.286
21-05-2021 10:15,1,e,7467.0,730.125,2013.0,7203075.0
21-05-2021 10:15,1,f,6876.285714,672.7428571,2067.0,7250591.0
21-05-2021 10:15,1,g,7057.285714,690.2714286,2057.428571,7071782.429
21-05-2021 10:15,1,w,7348.875,718.5625,1970.375,7223264.375
21-05-2021 10:15,1,h,5908.714286,578.8285714,2051.428571,6566096.429
21-05-2021 10:15,1,i,7197.25,703.825,1932.875,7141000.875
21-05-2021 10:15,1,j,6817.142857,667.1,2133.428571,6315748.429
21-05-2021 10:15,1,k,5717.285714,560.0142857,1846.428571,6356884.429
21-05-2021 10:15,1,l,7631.428571,746.0571429,1961.0,7221566.0
21-05-2021 10:15,1,m,5802.714286,568.4857143,1974.857143,6227915.857
21-05-2021 10:15,1,n,8380.571429,819.1,1950.857143,7212148.857
21-05-2021 10:15,1,o,7787.857143,761.3,1941.857143,7154574.857
21-05-2021 10:15,1,p,6986.375,683.5875,1956.125,7060017.125
21-05-2021 10:15,1,q,8989.285714,878.3,1993.714286,7082104.714
21-05-2021 10:15,1,r,6367.285714,623.5571429,1973.428571,6826217.429
21-05-2021 10:15,1,s,6895.428571,675.0,2002.0,7051263.0
21-05-2021 10:15,1,t,7681.285714,750.8714286,1956.142857,6382818.143
21-05-2021 10:15,1,u,7969.142857,779.4,1974.428571,7159153.429
21-05-2021 10:30,1,a,8572.0,837.625,2085.0,6300431.0
21-05-2021 10:30,1,b,9702.0,947.75,2307.75,6227734.75
21-05-2021 10:30,1,c,9265.0,905.1625,2314.375,7031808.375
21-05-2021 10:30,1,d,9222.571429,901.0142857,2216.285714,7646196.286
21-05-2021 10:30,1,e,9895.285714,966.0714286,2259.285714,7203321.286
21-05-2021 10:30,1,f,9209.0,899.6285714,2283.142857,7250807.143
21-05-2021 10:30,1,g,9024.0,881.95,2282.25,7072007.25
21-05-2021 10:30,1,w,9331.142857,911.4285714,2204.428571,7223498.429
21-05-2021 10:30,1,h,9135.0,892.5375,2262.75,6566307.75
21-05-2021 10:30,1,i,9699.571429,947.4142857,2161.857143,7141229.857
21-05-2021 10:30,1,j,9911.875,967.925,2365.875,6315980.875
21-05-2021 10:30,1,k,8265.25,807.725,2047.125,6357085.125
21-05-2021 10:30,1,l,11169.5,1089.75,2213.125,7221818.125
21-05-2021 10:30,1,m,9040.0,883.175,2184.25,6228125.25
21-05-2021 10:30,1,n,9059.0,884.875,2188.5,7212386.5
21-05-2021 10:30,1,o,9326.25,911.0375,2184.875,7154817.875
21-05-2021 10:30,1,p,10469.28571,1021.957143,2198.571429,7060259.571
21-05-2021 10:30,1,q,9916.875,968.4,2235.375,7082346.375
21-05-2021 10:30,1,r,9682.857143,945.8142857,2181.142857,6826425.143
21-05-2021 10:30,1,s,9810.0,957.7428571,2218.428571,7051479.429
21-05-2021 10:30,1,t,10729.75,1047.1375,2201.5,6383063.5
21-05-2021 10:30,1,u,11339.75,1106.6875,2222.875,7159401.875
21-05-2021 10:45,1,a,9868.142857,963.8,2303.285714,6300649.286
21-05-2021 10:45,1,b,10271.0,1003.085714,2552.714286,6227979.714
21-05-2021 10:45,1,c,10919.85714,1065.528571,2550.857143,7032044.857
21-05-2021 10:45,1,d,10404.625,1015.95,2454.375,7646434.375
21-05-2021 10:45,1,e,10834.625,1057.4375,2498.125,7203560.125
21-05-2021 10:45,1,f,10673.5,1042.075,2526.375,7251050.375
21-05-2021 10:45,1,g,10245.0,1000.142857,2511.142857,7072236.143
21-05-2021 10:45,1,w,11073.875,1080.775,2432.125,7223726.125
21-05-2021 10:45,1,h,11433.14286,1116.014286,2495.714286,6566540.714
21-05-2021 10:45,1,i,9167.75,895.7625,2399.5,7141467.5
21-05-2021 10:45,1,j,10387.85714,1014.385714,2613.285714,6316228.286
21-05-2021 10:45,1,k,9772.0,954.0571429,2264.285714,6357302.286
21-05-2021 10:45,1,l,10323.57143,1008.157143,2461.428571,7222066.429
21-05-2021 10:45,1,m,10543.57143,1029.228571,2401.285714,6228342.286
21-05-2021 10:45,1,n,11223.57143,1095.585714,2425.285714,7212623.286
21-05-2021 10:45,1,o,11685.14286,1140.485714,2424.714286,7155057.714
21-05-2021 10:45,1,p,10292.375,1005.2875,2445.375,7060506.375
21-05-2021 10:45,1,q,11600.42857,1131.857143,2484.0,7082595.0
21-05-2021 10:45,1,r,10448.375,1020.1,2407.125,6826651.125
21-05-2021 10:45,1,s,9879.0,964.7,2443.875,7051704.875
21-05-2021 10:45,1,t,10687.42857,1043.742857,2446.285714,6383308.286
21-05-2021 10:45,1,u,10521.14286,1027.457143,2469.0,7159648.0
21-05-2021 11:00,1,a,10367.0,1011.885714,2505.857143,6300851.857
21-05-2021 11:00,1,b,11386.25,1111.5125,2821.5,6228248.5
21-05-2021 11:00,1,c,11683.42857,1140.3,2804.285714,7032298.286
21-05-2021 11:00,1,d,11293.57143,1101.985714,2714.571429,7646694.571
21-05-2021 11:00,1,e,9652.0,943.1,2748.714286,7203810.714
21-05-2021 11:00,1,f,12141.28571,1184.542857,2789.714286,7251313.714
21-05-2021 11:00,1,g,12091.14286,1179.742857,2748.142857,7072473.143
21-05-2021 11:00,1,w,9285.857143,907.8571429,2685.0,7223979.0
21-05-2021 11:00,1,h,11070.375,1080.4625,2758.875,6566803.875
21-05-2021 11:00,1,i,9819.428571,959.4428571,2648.714286,7141716.714
21-05-2021 11:00,1,j,12159.375,1186.225,2889.75,6316504.75
21-05-2021 11:00,1,k,11064.28571,1079.928571,2477.714286,6357515.714
21-05-2021 11:00,1,l,9607.285714,938.4285714,2702.571429,7222307.571
21-05-2021 11:00,1,m,10524.28571,1027.485714,2645.857143,6228581.857
21-05-2021 11:00,1,n,8812.714286,861.5571429,2677.857143,7212875.857
21-05-2021 11:00,1,o,9665.125,944.2375,2694.0,7155327.0
21-05-2021 11:00,1,p,10010.0,977.5857143,2694.714286,7060755.714
21-05-2021 11:00,1,q,9250.142857,903.9,2736.571429,7082847.571
21-05-2021 11:00,1,r,9908.571429,968.2,2652.285714,6826896.286
21-05-2021 11:00,1,s,9231.857143,902.2,2695.285714,7051956.286
21-05-2021 11:00,1,t,8217.571429,803.7,2683.142857,6383545.143
21-05-2021 11:00,1,u,10261.875,1001.625,2732.375,7159911.375
21-05-2021 11:15,1,a,11500.0,1122.0,2802.375,6301148.375
21-05-2021 11:15,1,b,13913.57143,1356.6,3128.142857,6228555.143
21-05-2021 11:15,1,c,13687.125,1334.3875,3122.0,7032616.0
21-05-2021 11:15,1,d,13552.625,1321.375,3025.125,7647005.125
21-05-2021 11:15,1,e,13266.25,1293.6,3030.75,7204092.75
21-05-2021 11:15,1,f,13723.125,1338.0125,3107.75,7251631.75
21-05-2021 11:15,1,g,13109.25,1278.1375,3061.625,7072786.625
21-05-2021 11:15,1,w,13328.5,1299.525,2975.375,7224269.375
21-05-2021 11:15,1,h,13596.28571,1325.614286,3070.0,6567115.0
21-05-2021 11:15,1,i,13570.0,1323.0875,2933.75,7142001.75
21-05-2021 11:15,1,j,14038.28571,1368.7,3209.285714,6316824.286
21-05-2021 11:15,1,k,12273.125,1196.6125,2772.625,6357810.625
21-05-2021 11:15,1,l,12047.625,1175.4125,2970.75,7222575.75
21-05-2021 11:15,1,m,13256.85714,1292.528571,2946.571429,6228887.571
21-05-2021 11:15,1,n,11170.75,1090.2375,2934.375,7213132.375
21-05-2021 11:15,1,o,11634.71429,1135.257143,2955.714286,7155588.714
21-05-2021 11:15,1,p,12614.75,1230.2875,2964.25,7061025.25
21-05-2021 11:15,1,q,11177.625,1091.175,2986.875,7083097.875
21-05-2021 11:15,1,r,13285.625,1295.3375,2940.375,6827184.375
21-05-2021 11:15,1,s,12677.625,1236.4625,2966.875,7052227.875
21-05-2021 11:15,1,t,12138.375,1184.225,2947.375,6383809.375
21-05-2021 11:15,1,u,12392.85714,1208.7,2999.714286,7160178.714
21-05-2021 11:30,1,a,10900.14286,1063.628571,3074.857143,6301420.857
21-05-2021 11:30,1,b,12504.0,1219.471429,3427.0,6228854.0
21-05-2021 11:30,1,c,12031.85714,1174.057143,3448.571429,7032942.571
21-05-2021 11:30,1,d,12222.0,1192.257143,3341.285714,7647321.286
21-05-2021 11:30,1,e,13324.14286,1299.085714,3361.571429,7204423.571
21-05-2021 11:30,1,f,12408.57143,1210.257143,3426.571429,7251950.571
21-05-2021 11:30,1,g,11656.0,1137.328571,3376.571429,7073101.571
21-05-2021 11:30,1,w,13120.14286,1279.2,3296.428571,7224590.429
21-05-2021 11:30,1,h,12195.625,1189.45,3383.5,6567428.5
21-05-2021 11:30,1,i,12256.28571,1195.428571,3262.285714,7142330.286
21-05-2021 11:30,1,j,12287.28571,1198.842857,3513.428571,6317128.429
21-05-2021 11:30,1,k,11459.0,1117.685714,3063.428571,6358101.429
21-05-2021 11:30,1,l,13115.28571,1278.742857,3277.714286,7222882.714
21-05-2021 11:30,1,m,11665.625,1138.1375,3257.75,6229198.75
21-05-2021 11:30,1,n,13165.57143,1283.642857,3228.714286,7213426.714
21-05-2021 11:30,1,o,12928.85714,1260.6,3236.714286,7155869.714
21-05-2021 11:30,1,p,13123.28571,1279.514286,3275.714286,7061336.714
21-05-2021 11:30,1,q,13179.85714,1285.042857,3276.428571,7083387.429
21-05-2021 11:30,1,r,12252.71429,1195.414286,3251.285714,6827495.286
21-05-2021 11:30,1,s,12726.0,1241.471429,3277.428571,7052538.429
21-05-2021 11:30,1,t,13210.42857,1288.014286,3253.571429,6384115.571
21-05-2021 11:30,1,u,13064.14286,1273.757143,3281.571429,7160460.571
21-05-2021 11:45,1,a,11809.0,1152.05,3351.625,6301697.625
21-05-2021 11:45,1,b,10762.125,1050.425,3719.125,6229146.125
21-05-2021 11:45,1,c,12131.25,1183.6375,3736.875,7033230.875
21-05-2021 11:45,1,d,11499.125,1122.525,3629.625,7647609.625
21-05-2021 11:45,1,e,11857.125,1156.8125,3671.0,7204733.0
21-05-2021 11:45,1,f,12288.75,1198.8375,3727.875,7252251.875
21-05-2021 11:45,1,g,12292.5,1199.1875,3669.75,7073394.75
21-05-2021 11:45,1,w,12061.71429,1176.842857,3569.714286,7224863.714
21-05-2021 11:45,1,h,11883.28571,1159.2,3691.428571,6567736.429
21-05-2021 11:45,1,i,10430.42857,1018.2,3529.285714,7142597.286
21-05-2021 11:45,1,j,11048.75,1078.675,3799.75,6317414.75
21-05-2021 11:45,1,k,11230.875,1095.7375,3350.375,6358388.375
21-05-2021 11:45,1,l,12080.25,1178.8375,3578.0,7223183.0
21-05-2021 11:45,1,m,11864.85714,1157.257143,3556.714286,6229497.714
21-05-2021 11:45,1,n,12264.75,1196.1875,3542.75,7213740.75
21-05-2021 11:45,1,o,12643.125,1232.9,3544.125,7156177.125
21-05-2021 11:45,1,p,11758.125,1147.175,3575.375,7061636.375
21-05-2021 11:45,1,q,12398.0,1209.1625,3591.875,7083702.875
21-05-2021 11:45,1,r,12387.625,1208.4875,3556.875,6827800.875
21-05-2021 11:45,1,s,12387.125,1208.4125,3577.125,7052838.125
21-05-2021 11:45,1,t,11658.125,1137.7375,3555.75,6384417.75
21-05-2021 11:45,1,u,12390.875,1208.475,3589.75,7160768.75
21-05-2021 12:00,1,a,9981.714286,974.4571429,3642.857143,6301988.857
21-05-2021 12:00,1,b,10152.85714,991.6571429,3986.285714,6229413.286
21-05-2021 12:00,1,c,10655.85714,1040.271429,4024.714286,7033518.714
21-05-2021 12:00,1,d,10801.57143,1053.957143,3908.0,7647888.0
21-05-2021 12:00,1,e,12182.28571,1188.571429,3972.142857,7205034.143
21-05-2021 12:00,1,f,11001.71429,1073.9,4023.857143,7252547.857
21-05-2021 12:00,1,g,10454.28571,1020.771429,3966.285714,7073691.286
21-05-2021 12:00,1,w,11390.625,1111.7875,3862.0,7225156.0
21-05-2021 12:00,1,h,11141.0,1087.442857,3969.142857,6568014.143
21-05-2021 12:00,1,i,10821.5,1056.4875,3797.625,7142865.625
21-05-2021 12:00,1,j,11098.85714,1082.942857,4081.571429,6317696.571
21-05-2021 12:00,1,k,9636.714286,940.8,3624.285714,6358662.286
21-05-2021 12:00,1,l,10861.0,1060.528571,3870.714286,7223475.714
21-05-2021 12:00,1,m,11380.85714,1110.728571,3822.714286,6229763.714
21-05-2021 12:00,1,n,10327.71429,1008.214286,3798.571429,7213996.571
21-05-2021 12:00,1,o,9364.714286,915.1285714,3811.285714,7156444.286
21-05-2021 12:00,1,p,12031.28571,1173.471429,3879.285714,7061940.286
21-05-2021 12:00,1,q,9200.714286,898.7714286,3844.714286,7083955.714
21-05-2021 12:00,1,r,11389.57143,1111.642857,3857.714286,6828101.714
21-05-2021 12:00,1,s,11273.57143,1100.0,3871.285714,7053132.286
21-05-2021 12:00,1,t,9616.428571,939.6857143,3825.285714,6384687.286
21-05-2021 12:00,1,u,11076.42857,1081.2,3893.285714,7161072.286
21-05-2021 12:15,1,a,9762.625,953.55,3857.5,6302203.5
21-05-2021 12:15,1,b,11842.0,1155.7,4257.5,6229684.5
21-05-2021 12:15,1,c,11795.5,1151.125,4299.75,7033793.75
21-05-2021 12:15,1,d,11325.25,1105.875,4177.5,7648157.5
21-05-2021 12:15,1,e,11170.875,1090.225,4259.5,7205321.5
21-05-2021 12:15,1,f,10920.5,1066.1375,4291.125,7252815.125
21-05-2021 12:15,1,g,10736.75,1047.95,4228.5,7073953.5
21-05-2021 12:15,1,w,11043.71429,1077.6,4156.857143,7225450.857
21-05-2021 12:15,1,h,11022.375,1075.8,4234.0,6568279.0
21-05-2021 12:15,1,i,11388.57143,1111.214286,4078.428571,7143146.429
21-05-2021 12:15,1,j,12330.0,1203.2625,4362.125,6317977.125
21-05-2021 12:15,1,k,9800.875,957.4625,3844.0,6358882.0
21-05-2021 12:15,1,l,11487.0,1120.7125,4154.125,7223759.125
21-05-2021 12:15,1,m,10939.125,1067.7,4087.75,6230028.75
21-05-2021 12:15,1,n,11236.5,1096.2625,4080.625,7214278.625
21-05-2021 12:15,1,o,11206.75,1093.6875,4083.625,7156716.625
21-05-2021 12:15,1,p,11360.375,1108.3625,4174.375,7062235.375
21-05-2021 12:15,1,q,11438.0,1115.9,4122.5,7084233.5
21-05-2021 12:15,1,r,11540.125,1126.225,4129.125,6828373.125
21-05-2021 12:15,1,s,11291.625,1102.0625,4158.5,7053419.5
21-05-2021 12:15,1,t,11043.0,1077.775,4094.5,6384956.5
21-05-2021 12:15,1,u,11408.75,1113.05,4184.375,7161363.375
21-05-2021 12:30,1,a,6911.285714,676.8285714,4073.428571,6302419.429
21-05-2021 12:30,1,b,7329.714286,717.1857143,4475.857143,6229902.857
21-05-2021 12:30,1,c,7400.142857,724.0285714,4518.142857,7034012.143
21-05-2021 12:30,1,d,7215.142857,705.9714286,4383.285714,7648363.286
21-05-2021 12:30,1,e,8258.428571,807.7285714,4478.857143,7205540.857
21-05-2021 12:30,1,f,6724.571429,658.6142857,4504.285714,7253028.286
21-05-2021 12:30,1,g,7841.571429,767.0,4440.428571,7074165.429
21-05-2021 12:30,1,w,7226.75,707.1875,4359.625,7225653.625
21-05-2021 12:30,1,h,6853.428571,671.1714286,4457.571429,6568502.571
21-05-2021 12:30,1,i,7919.375,774.725,4277.875,7143345.875
21-05-2021 12:30,1,j,7180.428571,702.6,4586.428571,6318201.429
21-05-2021 12:30,1,k,6214.857143,608.8857143,4037.428571,6359075.429
21-05-2021 12:30,1,l,8629.571429,843.9,4385.285714,7223990.286
21-05-2021 12:30,1,m,7143.714286,699.3857143,4308.714286,6230252.833
21-05-2021 12:30,1,n,10147.71429,990.6857143,4322.142857,7214520.143
21-05-2021 12:30,1,o,8170.142857,799.1428571,4304.142857,7156937.143
21-05-2021 12:30,1,p,8439.857143,825.6,4394.428571,7062455.429
21-05-2021 12:30,1,q,10944.57143,1068.457143,4373.428571,7084484.429
21-05-2021 12:30,1,r,7858.857143,768.7714286,4369.857143,6828613.857
21-05-2021 12:30,1,s,7626.714286,746.5142857,4398.285714,7053659.286
21-05-2021 12:30,1,t,7924.428571,775.5285714,4306.714286,6385168.714
21-05-2021 12:30,1,u,10059.14286,982.4428571,4433.0,7161612.0
21-05-2021 12:45,1,a,8430.25,824.4,4273.375,6302619.375
21-05-2021 12:45,1,b,9407.875,919.0625,4688.875,6230115.875
21-05-2021 12:45,1,c,9559.75,933.525,4730.125,7034224.125
21-05-2021 12:45,1,d,9701.375,947.575,4601.25,7648581.25
21-05-2021 12:45,1,e,11600.125,1132.0375,4722.0,7205784.0
21-05-2021 12:45,1,f,9652.625,942.9125,4721.5,7253245.5
21-05-2021 12:45,1,g,9250.0,903.3375,4651.375,7074376.375
21-05-2021 12:45,1,w,9320.428571,910.3857143,4580.571429,7225874.571
21-05-2021 12:45,1,h,10161.0,992.125,4679.625,6568724.625
21-05-2021 12:45,1,i,9429.571429,921.0571429,4498.285714,7143566.286
21-05-2021 12:45,1,j,9927.0,969.2625,4798.875,6318413.875
21-05-2021 12:45,1,k,9147.125,893.625,4238.5,6359276.5
21-05-2021 12:45,1,l,10688.375,1043.25,4632.25,7224237.25
21-05-2021 12:45,1,m,9614.875,938.95,4523.125,6230463.857
21-05-2021 12:45,1,n,9922.75,968.9625,4564.875,7214762.875
21-05-2021 12:45,1,o,10346.5,1010.275,4533.75,7157166.75
21-05-2021 12:45,1,p,11274.0,1100.55,4641.5,7062702.5
21-05-2021 12:45,1,q,9453.375,923.525,4631.875,7084742.875
21-05-2021 12:45,1,r,10309.875,1006.6375,4597.5,6828841.5
21-05-2021 12:45,1,s,10639.125,1038.4375,4632.75,7053893.75
21-05-2021 12:45,1,t,10556.75,1030.3125,4540.875,6385402.875
21-05-2021 12:45,1,u,11459.75,1118.525,4697.375,7161876.375
21-05-2021 13:00,1,a,10542.71429,1029.1,4498.0,6302844.0
21-05-2021 13:00,1,b,8527.714286,833.4714286,4918.714286,6230345.714
21-05-2021 13:00,1,c,8607.571429,841.2857143,4967.0,7034461.0
21-05-2021 13:00,1,d,7922.285714,774.4714286,4833.857143,7648813.857
21-05-2021 13:00,1,e,11830.0,1154.257143,5005.714286,7206067.714
21-05-2021 13:00,1,f,9370.142857,915.4,4964.428571,7253488.429
21-05-2021 13:00,1,g,7913.428571,774.0142857,4876.0,7074601.0
21-05-2021 13:00,1,w,10254.625,1001.5875,4822.75,7226116.75
21-05-2021 13:00,1,h,9290.0,907.8142857,4941.714286,6568986.714
21-05-2021 13:00,1,i,10050.5,981.6,4735.75,7143803.75
21-05-2021 13:00,1,j,8425.428571,823.5142857,5047.857143,6318662.857
21-05-2021 13:00,1,k,9828.857143,959.5,4464.714286,6359502.714
21-05-2021 13:00,1,l,10816.0,1055.8,4907.285714,7224512.286
21-05-2021 13:00,1,m,9782.8,955.46,4785.8,6230753.0
21-05-2021 13:00,1,n,10479.85714,1023.171429,4831.285714,7215029.286
21-05-2021 13:00,1,o,10685.85714,1043.085714,4803.142857,7157436.143
21-05-2021 13:00,1,p,11382.71429,1110.685714,4921.857143,7062982.857
21-05-2021 13:00,1,q,10773.71429,1051.671429,4883.428571,7084994.429
21-05-2021 13:00,1,r,11060.85714,1079.628571,4859.0,6829103.0
21-05-2021 13:00,1,s,12289.85714,1198.671429,4912.571429,7054173.571
21-05-2021 13:00,1,t,10601.57143,1034.842857,4808.0,6385670.0
21-05-2021 13:00,1,u,11985.71429,1169.385714,4983.142857,7162162.143
21-05-2021 13:15,1,a,11813.875,1152.2375,4771.0,6303117.0
21-05-2021 13:15,1,b,13385.875,1305.1375,5180.25,6230607.25
21-05-2021 13:15,1,c,13309.875,1297.7125,5226.5,7034720.5
21-05-2021 13:15,1,d,13158.25,1282.925,5086.875,7649066.875
21-05-2021 13:15,1,e,12666.5,1235.375,5292.875,7206354.875
21-05-2021 13:15,1,f,13023.375,1269.7875,5227.0,7253751.0
21-05-2021 13:15,1,g,12776.5,1246.0375,5116.25,7074841.25
21-05-2021 13:15,1,w,13008.42857,1268.457143,5096.714286,7226390.714
21-05-2021 13:15,1,h,13269.66667,1293.8,5198.5,6569243.5
21-05-2021 13:15,1,i,13170.57143,1284.1,5000.857143,7144068.857
21-05-2021 13:15,1,j,13568.875,1322.9625,5312.0,6318927.0
21-05-2021 13:15,1,k,11845.75,1155.35,4712.0,6359750.0
21-05-2021 13:15,1,l,12584.75,1227.4125,5188.625,7224793.625
21-05-2021 13:15,1,m,12704.0,1238.65,5137.0,6231078.0
21-05-2021 13:15,1,n,12497.0,1218.8625,5093.25,7215291.25
21-05-2021 13:15,1,o,12710.75,1239.6125,5073.25,7157706.25
21-05-2021 13:15,1,p,12674.75,1236.15,5203.875,7063264.875
21-05-2021 13:15,1,q,12452.0,1214.45,5149.0,7085260.0
21-05-2021 13:15,1,r,13221.375,1289.1,5151.5,6829395.5
21-05-2021 13:15,1,s,13168.625,1283.9375,5223.875,7054484.875
21-05-2021 13:15,1,t,13082.25,1275.9,5084.375,6385946.375
21-05-2021 13:15,1,u,12679.25,1236.525,5283.625,7162462.625
21-05-2021 13:30,1,a,11680.71429,1139.6,5068.428571,6303414.429
21-05-2021 13:30,1,b,11281.28571,1100.785714,5488.857143,6230915.857
21-05-2021 13:30,1,c,10816.42857,1055.828571,5537.285714,7035031.286
21-05-2021 13:30,1,d,12160.14286,1186.385714,5395.714286,7649375.714
21-05-2021 13:30,1,e,9585.0,935.8571429,5595.428571,7206657.429
21-05-2021 13:30,1,f,12776.14286,1245.657143,5541.285714,7254065.286
21-05-2021 13:30,1,g,11107.57143,1083.742857,5419.428571,7075144.429
21-05-2021 13:30,1,w,11116.875,1084.95,5401.25,7226695.25
21-05-2021 13:30,1,h,11802.375,1151.4125,5506.25,6569551.25
21-05-2021 13:30,1,i,11449.375,1117.025,5303.25,7144371.25
21-05-2021 13:30,1,j,11569.28571,1128.8,5626.714286,6319241.714
21-05-2021 13:30,1,k,11258.14286,1098.1,5010.428571,6360048.429
21-05-2021 13:30,1,l,10061.28571,982.2428571,5488.142857,7225093.143
21-05-2021 13:30,1,m,10690.0,1043.375,5332.625,6231273.625
21-05-2021 13:30,1,n,8903.714286,869.8571429,5380.285714,7215578.286
21-05-2021 13:30,1,o,9274.428571,905.9285714,5367.285714,7158000.286
21-05-2021 13:30,1,p,10302.57143,1005.5,5499.714286,7063560.714
21-05-2021 13:30,1,q,8321.285714,813.0,5441.571429,7085552.571
21-05-2021 13:30,1,r,9570.857143,934.4571429,5456.571429,6829700.571
21-05-2021 13:30,1,s,9385.714286,916.4142857,5525.142857,7054786.143
21-05-2021 13:30,1,t,10655.57143,1040.2,5388.571429,6386250.571
21-05-2021 13:30,1,u,10265.0,1002.085714,5577.714286,7162756.714
21-05-2021 13:45,1,a,9403.875,917.95,5329.625,6303675.625
21-05-2021 13:45,1,b,10493.875,1024.3,5750.25,6231177.25
21-05-2021 13:45,1,c,9996.75,975.8375,5790.125,7035284.125
21-05-2021 13:45,1,d,10977.375,1071.3625,5660.75,7649640.75
21-05-2021 13:45,1,e,11790.0,1150.271429,5832.0,7206894.0
21-05-2021 13:45,1,f,10248.375,1000.3,5815.625,7254339.625
21-05-2021 13:45,1,g,9137.375,892.7125,5660.25,7075385.25
21-05-2021 13:45,1,w,11038.42857,1077.085714,5665.571429,7226959.571
21-05-2021 13:45,1,h,9808.142857,957.5571429,5780.0,6569825.0
21-05-2021 13:45,1,i,10623.42857,1036.814286,5579.0,7144647.0
21-05-2021 13:45,1,j,10708.25,1045.2,5888.5,6319503.5
21-05-2021 13:45,1,k,8609.0,840.7625,5265.25,6360303.25
21-05-2021 13:45,1,l,11697.125,1141.2125,5739.625,7225344.625
21-05-2021 13:45,1,m,10287.28571,1003.857143,5591.428571,6231532.429
21-05-2021 13:45,1,n,12484.625,1217.825,5620.75,7215818.75
21-05-2021 13:45,1,o,12334.0,1203.075,5622.375,7158255.375
21-05-2021 13:45,1,p,10599.28571,1034.671429,5728.285714,7063789.286
21-05-2021 13:45,1,q,12286.125,1198.5125,5679.0,7085790.0
21-05-2021 13:45,1,r,11084.0,1081.7625,5698.875,6829942.875
21-05-2021 13:45,1,s,11397.625,1112.3625,5758.125,7055019.125
21-05-2021 13:45,1,t,11344.0,1107.1125,5650.0,6386512.0
21-05-2021 13:45,1,u,11430.125,1115.4875,5822.125,7163001.125
21-05-2021 14:00,1,a,8413.428571,822.3285714,5539.428571,6303885.429
21-05-2021 14:00,1,b,10322.42857,1007.714286,6015.428571,6231442.429
21-05-2021 14:00,1,c,10062.14286,982.6714286,6041.714286,7035535.714
21-05-2021 14:00,1,d,9253.428571,903.4857143,5900.428571,7649880.429
21-05-2021 14:00,1,e,10353.125,1010.475,6115.0,7207177.0
21-05-2021 14:00,1,f,9226.714286,901.3285714,6050.142857,7254574.143
21-05-2021 14:00,1,g,8471.857143,828.0571429,5891.428571,7075616.429
21-05-2021 14:00,1,w,9593.25,936.775,5927.0,7227221.0
21-05-2021 14:00,1,h,9023.75,881.625,6013.375,6570058.375
21-05-2021 14:00,1,i,10422.25,1017.2125,5838.875,7144906.875
21-05-2021 14:00,1,j,10831.14286,1056.857143,6145.857143,6319760.857
21-05-2021 14:00,1,k,8111.714286,793.6714286,5467.857143,6360505.857
21-05-2021 14:00,1,l,9752.714286,952.2142857,6021.714286,7225626.714
21-05-2021 14:00,1,m,9106.0,889.2875,5837.5,6231778.5
21-05-2021 14:00,1,n,12269.85714,1196.314286,5921.285714,7216119.286
21-05-2021 14:00,1,o,11842.14286,1155.5,5922.0,7158555.0
21-05-2021 14:00,1,p,9783.875,954.975,6000.5,7064061.5
21-05-2021 14:00,1,q,12346.71429,1203.8,5983.714286,7086094.714
21-05-2021 14:00,1,r,10232.71429,998.4285714,5967.857143,6830211.857
21-05-2021 14:00,1,s,10574.85714,1031.9,6037.428571,7055298.429
21-05-2021 14:00,1,t,10254.85714,1000.671429,5926.285714,6386788.286
21-05-2021 14:00,1,u,10658.0,1040.0,6121.428571,7163300.429
21-05-2021 14:15,1,a,7828.25,765.2375,5731.5,6304077.5
21-05-2021 14:15,1,b,8614.5,841.6375,6243.375,6231670.375
21-05-2021 14:15,1,c,7806.625,762.9375,6260.125,7035754.125
21-05-2021 14:15,1,d,8395.0,820.2714286,6100.285714,7650080.286
21-05-2021 14:15,1,e,7865.285714,768.8714286,6328.285714,7207390.286
21-05-2021 14:15,1,f,8533.0,833.5285714,6248.142857,7254772.143
21-05-2021 14:15,1,g,8791.125,858.7875,6089.875,7075814.875
21-05-2021 14:15,1,w,8306.857143,811.5428571,6136.571429,7227430.571
21-05-2021 14:15,1,h,7935.0,775.7142857,6217.571429,6570262.571
21-05-2021 14:15,1,i,8399.571429,820.7428571,6049.428571,7145117.429
21-05-2021 14:15,1,j,8317.125,812.7875,6377.875,6319992.875
21-05-2021 14:15,1,k,7563.875,739.8125,5657.25,6360695.25
21-05-2021 14:15,1,l,8193.25,800.6,6233.25,7225838.25
21-05-2021 14:15,1,m,7783.142857,760.8714286,6039.285714,6231980.286
21-05-2021 14:15,1,n,9126.875,891.0125,6180.875,7216378.875
21-05-2021 14:15,1,o,8589.5,839.1125,6167.125,7158800.125
21-05-2021 14:15,1,p,7306.0,714.5,6211.285714,7064272.286
21-05-2021 14:15,1,q,9383.5,915.9875,6249.25,7086360.25
21-05-2021 14:15,1,r,7943.0,776.2625,6175.0,6830419.0
21-05-2021 14:15,1,s,7082.0,692.575,6246.0,7055507.0
21-05-2021 14:15,1,t,8458.0,826.125,6145.875,6387007.875
21-05-2021 14:15,1,u,8421.875,822.925,6342.875,7163521.875
21-05-2021 14:30,1,a,8653.857143,846.5428571,5916.714286,6304262.714
21-05-2021 14:30,1,b,6196.0,606.7571429,6427.571429,6231854.571
21-05-2021 14:30,1,c,6515.285714,638.1,6434.714286,7035928.714
21-05-2021 14:30,1,d,6727.875,658.725,6290.375,7650270.375
21-05-2021 14:30,1,e,8071.375,788.7875,6520.5,7207582.5
21-05-2021 14:30,1,f,7087.375,693.5375,6440.625,7254964.625
21-05-2021 14:30,1,g,6622.0,648.5714286,6277.857143,7076002.857
21-05-2021 14:30,1,w,6834.5,668.575,6332.0,7227626.0
21-05-2021 14:30,1,h,8358.5,817.125,6413.25,6570458.25
21-05-2021 14:30,1,i,6520.875,638.2875,6230.625,7145298.625
21-05-2021 14:30,1,j,6338.571429,620.9714286,6557.714286,6320172.714
21-05-2021 14:30,1,k,7296.428571,714.2571429,5830.285714,6360868.286
21-05-2021 14:30,1,l,6823.428571,668.0714286,6417.714286,7226022.714
21-05-2021 14:30,1,m,7723.5,755.175,6230.25,6232171.25
21-05-2021 14:30,1,n,5669.857143,555.3428571,6381.857143,7216579.857
21-05-2021 14:30,1,o,6221.0,609.2428571,6356.714286,7158989.714
21-05-2021 14:30,1,p,7425.375,726.1,6394.75,7064455.75
21-05-2021 14:30,1,q,7431.714286,727.0714286,6455.714286,7086566.714
21-05-2021 14:30,1,r,8601.0,840.7142857,6374.142857,6830618.143
21-05-2021 14:30,1,s,8381.857143,818.9,6435.571429,7055696.571
21-05-2021 14:30,1,t,5625.285714,551.4142857,6326.142857,6387188.143
21-05-2021 14:30,1,u,6464.285714,632.4,6534.0,7163713.0
21-05-2021 14:45,1,a,6699.125,655.9,6104.5,6304450.5
21-05-2021 14:45,1,b,8082.625,790.35,6591.0,6232018.0
21-05-2021 14:45,1,c,7484.0,731.7875,6599.25,7036093.25
21-05-2021 14:45,1,d,7875.571429,770.4285714,6462.142857,7650442.143
21-05-2021 14:45,1,e,8737.142857,853.8,6719.285714,7207781.286
21-05-2021 14:45,1,f,6897.0,674.9428571,6621.428571,7255145.429
21-05-2021 14:45,1,g,7673.75,750.675,6441.125,7076166.125
21-05-2021 14:45,1,w,8280.0,809.6857143,6505.857143,7227799.857
21-05-2021 14:45,1,h,7056.142857,690.4714286,6601.428571,6570646.429
21-05-2021 14:45,1,i,7649.714286,748.2857143,6395.0,7145463.0
21-05-2021 14:45,1,j,7934.375,775.4625,6727.625,6320342.625
21-05-2021 14:45,1,k,6952.5,680.75,5997.125,6361035.125
21-05-2021 14:45,1,l,9047.0,884.6,6589.428571,7226194.429
21-05-2021 14:45,1,m,8151.857143,797.6285714,6409.285714,6232350.286
21-05-2021 14:45,1,n,9684.0,946.6375,6576.25,7216774.25
21-05-2021 14:45,1,o,9219.5,901.375,6549.25,7159182.25
21-05-2021 14:45,1,p,8940.571429,874.2285714,6581.714286,7064642.714
21-05-2021 14:45,1,q,9336.0,912.7125,6654.625,7086765.625
21-05-2021 14:45,1,r,7673.714286,750.8857143,6564.142857,6830808.143
21-05-2021 14:45,1,s,9585.428571,937.2857143,6627.0,7055888.0
21-05-2021 14:45,1,t,9490.0,927.7,6488.714286,6387350.714
21-05-2021 14:45,1,u,9865.625,964.075,6731.125,7163910.125
21-05-2021 15:00,1,a,10100.42857,987.5571429,6303.285714,6304649.286
21-05-2021 15:00,1,b,10091.28571,986.2,6821.142857,6232248.143
21-05-2021 15:00,1,c,9430.857143,922.0285714,6821.714286,7036315.714
21-05-2021 15:00,1,d,10441.875,1020.55,6679.875,7650659.875
21-05-2021 15:00,1,e,10615.375,1037.0625,6974.375,7208036.375
21-05-2021 15:00,1,f,10822.625,1057.3375,6839.75,7255363.75
21-05-2021 15:00,1,g,9291.857143,908.6,6657.142857,7076382.143
21-05-2021 15:00,1,w,10891.5,1064.15,6738.0,7228032.0
21-05-2021 15:00,1,h,11107.71429,1084.957143,6806.285714,6570851.286
21-05-2021 15:00,1,i,10241.625,1000.8875,6623.5,7145691.5
21-05-2021 15:00,1,j,10100.57143,987.0285714,6959.428571,6320574.429
21-05-2021 15:00,1,k,9934.714286,971.4285714,6196.0,6361234.0
21-05-2021 15:00,1,l,9553.25,934.1375,6834.125,7226439.125
21-05-2021 15:00,1,m,10792.85714,1054.871429,6613.571429,6232554.571
21-05-2021 15:00,1,n,8042.428571,786.8285714,6795.857143,7216993.857
21-05-2021 15:00,1,o,10458.0,1022.3,6683.0,7159316.0
21-05-2021 15:00,1,p,10199.0,996.95,6830.625,7064891.625
21-05-2021 15:00,1,q,8731.571429,854.0285714,6879.0,7086990.0
21-05-2021 15:00,1,r,10640.75,1039.75,6803.75,6831047.75
21-05-2021 15:00,1,s,10089.625,986.2875,6881.75,7056142.75
21-05-2021 15:00,1,t,9491.25,927.8,6729.125,6387591.125
21-05-2021 15:00,1,u,8652.0,846.2333333,6960.0,7164139.0
21-05-2021 15:15,1,a,5619.571429,550.8285714,6484.428571,6304830.429
21-05-2021 15:15,1,b,5150.857143,505.1714286,6985.571429,6232412.571
21-05-2021 15:15,1,c,5539.571429,543.1142857,6987.142857,7036481.143
21-05-2021 15:15,1,d,4927.428571,483.3285714,6857.714286,7650837.714
21-05-2021 15:15,1,e,5099.857143,500.0857143,7162.285714,7208224.286
21-05-2021 15:15,1,f,5201.714286,510.1142857,7028.857143,7255552.857
21-05-2021 15:15,1,g,5600.0,548.9714286,6830.142857,7076555.143
21-05-2021 15:15,1,w,5150.714286,505.0428571,6922.428571,7228216.429
21-05-2021 15:15,1,h,5427.375,532.1125,7008.5,6571053.5
21-05-2021 15:15,1,i,4961.285714,486.5571429,6800.285714,7145868.286
21-05-2021 15:15,1,j,5272.285714,516.9714286,7122.857143,6320737.857
21-05-2021 15:15,1,k,4676.714286,458.8857143,6363.285714,6361401.286
21-05-2021 15:15,1,l,4995.0,489.9428571,6999.571429,7226604.571
21-05-2021 15:15,1,m,5485.25,537.675,6805.375,6232746.375
21-05-2021 15:15,1,n,5372.571429,526.7714286,6937.428571,7217135.429
21-05-2021 15:15,1,o,5246.285714,514.3714286,6917.285714,7159550.286
21-05-2021 15:15,1,p,4854.714286,476.1714286,7006.714286,7065067.714
21-05-2021 15:15,1,q,5070.428571,497.2857143,7022.714286,7087133.714
21-05-2021 15:15,1,r,5078.285714,498.0571429,6996.571429,6831240.571
21-05-2021 15:15,1,s,5095.857143,499.6571429,7068.142857,7056329.143
21-05-2021 15:15,1,t,5136.857143,503.7,6891.0,6387753.0
21-05-2021 15:15,1,u,4673.333333,458.55,7117.333333,7164296.333
21-05-2021 15:30,1,a,6464.5,633.275,6624.75,6304970.75
21-05-2021 15:30,1,b,7926.125,775.7375,7150.625,6232577.625
21-05-2021 15:30,1,c,7673.625,751.1625,7151.375,7036645.375
21-05-2021 15:30,1,d,7247.5,709.625,7007.625,7650987.625
21-05-2021 15:30,1,e,7562.875,740.4,7317.375,7208379.375
21-05-2021 15:30,1,f,7202.375,705.2625,7177.75,7255701.75
21-05-2021 15:30,1,g,7232.125,708.0875,6987.625,7076712.625
21-05-2021 15:30,1,w,7563.5,740.45,7083.5,7228377.5
21-05-2021 15:30,1,h,6995.428571,685.1285714,7152.0,6571197.0
21-05-2021 15:30,1,i,7732.875,756.95,6965.875,7146033.875
21-05-2021 15:30,1,j,7816.0,765.0375,7286.625,6320901.625
21-05-2021 15:30,1,k,6288.875,616.1375,6498.375,6361536.375
21-05-2021 15:30,1,l,7806.625,764.125,7168.875,7226773.875
21-05-2021 15:30,1,m,6888.428571,674.6142857,6945.857143,6232886.857
21-05-2021 15:30,1,n,7771.125,760.7375,7110.5,7217308.5
21-05-2021 15:30,1,o,8261.0,808.4875,7102.375,7159735.375
21-05-2021 15:30,1,p,7327.0,717.375,7163.0,7065224.0
21-05-2021 15:30,1,q,7852.875,768.675,7196.25,7087307.25
21-05-2021 15:30,1,r,7007.5,686.2375,7143.0,6831387.0
21-05-2021 15:30,1,s,7504.875,734.725,7221.0,7056482.0
21-05-2021 15:30,1,t,8022.25,785.1,7064.25,6387926.25
21-05-2021 15:30,1,u,7604.125,744.3625,7286.125,7164465.125
21-05-2021 15:45,1,a,5167.428571,506.7285714,6782.714286,6305128.714
21-05-2021 15:45,1,b,5332.857143,522.9,7327.714286,6232754.714
21-05-2021 15:45,1,c,5264.142857,516.1428571,7321.857143,7036815.857
21-05-2021 15:45,1,d,5273.285714,517.0,7173.714286,7651153.714
21-05-2021 15:45,1,e,5626.0,551.3857143,7493.428571,7208555.429
21-05-2021 15:45,1,f,5353.428571,524.9,7346.285714,7255870.286
21-05-2021 15:45,1,g,5153.142857,505.4,7153.857143,7076878.857
21-05-2021 15:45,1,w,5208.285714,510.7857143,7252.428571,7228546.429
21-05-2021 15:45,1,h,5643.5,553.125,7321.25,6571366.25
21-05-2021 15:45,1,i,5143.285714,504.4,7136.714286,7146204.714
21-05-2021 15:45,1,j,5343.142857,523.8857143,7460.142857,6321075.143
21-05-2021 15:45,1,k,5021.571429,492.5428571,6651.857143,6361689.857
21-05-2021 15:45,1,l,5293.0,519.0857143,7341.571429,7226946.571
21-05-2021 15:45,1,m,5507.375,539.8375,7117.25,6233058.25
21-05-2021 15:45,1,n,5254.0,515.1714286,7280.428571,7217478.429
21-05-2021 15:45,1,o,5183.142857,508.3,7272.428571,7159905.429
21-05-2021 15:45,1,p,5315.285714,521.1428571,7333.0,7065394.0
21-05-2021 15:45,1,q,5287.571429,518.4428571,7367.0,7087478.0
21-05-2021 15:45,1,r,5669.428571,555.6142857,7313.428571,6831557.429
21-05-2021 15:45,1,s,5651.428571,553.8285714,7391.142857,7056652.143
21-05-2021 15:45,1,t,5311.857143,520.8428571,7237.857143,6388099.857
21-05-2021 15:45,1,u,5270.571429,516.8,7455.285714,7164634.286
21-05-2021 16:00,1,a,3843.875,377.75,6890.625,6305236.625
21-05-2021 16:00,1,b,4008.625,393.775,7439.75,6232866.75
21-05-2021 16:00,1,c,4020.625,394.8875,7432.0,7036926.0
21-05-2021 16:00,1,d,3915.75,384.675,7284.0,7651264.0
21-05-2021 16:00,1,e,3916.625,384.8625,7608.5,7208670.5
21-05-2021 16:00,1,f,4070.625,399.85,7459.375,7255983.375
21-05-2021 16:00,1,g,4026.875,395.5625,7262.75,7076987.75
21-05-2021 16:00,1,w,3916.0,384.7857143,7355.714286,7228649.714
21-05-2021 16:00,1,h,4071.714286,399.9285714,7437.714286,6571482.714
21-05-2021 16:00,1,i,3882.857143,381.4571429,7238.0,7146306.0
21-05-2021 16:00,1,j,4058.75,398.6875,7573.125,6321188.125
21-05-2021 16:00,1,k,3808.5,374.275,6757.875,6361795.875
21-05-2021 16:00,1,l,3904.25,383.6625,7451.125,7227056.125
21-05-2021 16:00,1,m,3945.142857,387.6428571,7229.714286,6233170.714
21-05-2021 16:00,1,n,3936.625,386.7875,7389.5,7217587.5
21-05-2021 16:00,1,o,3915.875,384.6875,7380.75,7160013.75
21-05-2021 16:00,1,p,3862.0,379.5125,7443.625,7065504.625
21-05-2021 16:00,1,q,3883.0,381.5625,7475.375,7087586.375
21-05-2021 16:00,1,r,3939.25,387.0625,7428.0,6831672.0
21-05-2021 16:00,1,s,3885.125,381.775,7505.125,7056766.125
21-05-2021 16:00,1,t,3957.375,388.75,7348.375,6388210.375
21-05-2021 16:00,1,u,3843.125,377.675,7563.375,7164742.375
21-05-2021 16:15,1,a,3180.285714,312.4,6976.428571,6305322.429
21-05-2021 16:15,1,b,3384.428571,332.6142857,7529.571429,6232956.571
21-05-2021 16:15,1,c,3358.571429,330.1,7521.857143,7037015.857
21-05-2021 16:15,1,d,3315.0,325.7857143,7372.285714,7651352.286
21-05-2021 16:15,1,e,3494.0,343.4571429,7699.0,7208761.0
21-05-2021 16:15,1,f,3399.285714,334.1857143,7550.428571,7256074.429
21-05-2021 16:15,1,g,3283.857143,322.7428571,7351.857143,7077076.857
21-05-2021 16:15,1,w,3422.75,336.4875,7447.25,7228741.25
21-05-2021 16:15,1,h,3488.5,342.9125,7529.75,6571574.75
21-05-2021 16:15,1,i,3384.375,332.5875,7325.875,7146393.875
21-05-2021 16:15,1,j,3410.285714,335.1428571,7664.142857,6321279.143
21-05-2021 16:15,1,k,3174.428571,311.9142857,6843.142857,6361881.143
21-05-2021 16:15,1,l,3451.142857,339.2857143,7541.142857,7227146.143
21-05-2021 16:15,1,m,3395.5,333.8125,7318.875,6233259.875
21-05-2021 16:15,1,n,3406.428571,334.8857143,7479.0,7217677.0
21-05-2021 16:15,1,o,3399.142857,334.1142857,7470.428571,7160103.429
21-05-2021 16:15,1,p,3431.428571,337.3285714,7534.285714,7065595.286
21-05-2021 16:15,1,q,3436.142857,337.8142857,7565.142857,7087676.143
21-05-2021 16:15,1,r,3464.857143,340.6285714,7518.857143,6831762.857
21-05-2021 16:15,1,s,3439.285714,338.1,7595.571429,7056856.571
21-05-2021 16:15,1,t,3443.857143,338.5428571,7438.714286,6388300.714
21-05-2021 16:15,1,u,3424.142857,336.6142857,7652.428571,7164831.429
21-05-2021 16:30,1,a,3912.125,384.2125,7058.25,6305404.25
21-05-2021 16:30,1,b,4351.75,427.2625,7619.625,6233046.625
21-05-2021 16:30,1,c,4266.0,418.85,7610.25,7037104.25
21-05-2021 16:30,1,d,4258.0,418.0875,7462.625,7651442.625
21-05-2021 16:30,1,e,4410.75,432.9875,7791.25,7208853.25
21-05-2021 16:30,1,f,4294.75,421.6625,7642.5,7256166.5
21-05-2021 16:30,1,g,4145.625,407.0875,7438.25,7077163.25
21-05-2021 16:30,1,w,4363.0,428.2571429,7537.428571,7228831.429
21-05-2021 16:30,1,h,4358.857143,427.8571429,7619.428571,6571664.429
21-05-2021 16:30,1,i,4371.857143,429.1714286,7414.714286,7146482.714
21-05-2021 16:30,1,j,4356.625,427.7625,7753.875,6321368.875
21-05-2021 16:30,1,k,3946.375,387.6,6925.0,6361963.0
21-05-2021 16:30,1,l,4467.375,438.5375,7632.875,7227237.875
21-05-2021 16:30,1,m,4292.857143,421.4142857,7406.857143,6233347.857
21-05-2021 16:30,1,n,4561.25,447.675,7572.125,7217770.125
21-05-2021 16:30,1,o,4554.714286,446.9571429,7558.285714,7160191.286
21-05-2021 16:30,1,p,4367.375,428.7125,7626.75,7065687.75
21-05-2021 16:30,1,q,4512.875,442.9375,7661.0,7087772.0
21-05-2021 16:30,1,r,4335.0,425.625,7610.0,6831854.0
21-05-2021 16:30,1,s,4307.375,422.9125,7686.125,7056947.125
21-05-2021 16:30,1,t,4526.75,444.325,7530.875,6388392.875
21-05-2021 16:30,1,u,4461.428571,437.8571429,7738.428571,7164917.429
21-05-2021 16:45,1,a,2246.285714,220.2428571,7144.285714,6305490.286
21-05-2021 16:45,1,b,2467.285714,242.1714286,7715.142857,6233142.143
21-05-2021 16:45,1,c,2444.857143,239.8857143,7704.142857,7037198.143
21-05-2021 16:45,1,d,2397.571429,235.2,7554.857143,7651534.857
21-05-2021 16:45,1,e,2442.571429,239.6142857,7887.142857,7208949.143
21-05-2021 16:45,1,f,2439.0,239.2285714,7736.142857,7256260.143
21-05-2021 16:45,1,g,2414.285714,236.8857143,7530.428571,7077255.429
21-05-2021 16:45,1,w,2611.625,256.225,7632.75,7228926.75
21-05-2021 16:45,1,h,2559.875,251.05,7714.875,6571759.875
21-05-2021 16:45,1,i,2599.125,254.9375,7510.5,7146578.5
21-05-2021 16:45,1,j,2494.285714,244.7857143,7852.285714,6321467.286
21-05-2021 16:45,1,k,2262.428571,221.8571429,7011.571429,6362049.571
21-05-2021 16:45,1,l,2457.428571,241.0571429,7732.0,7227337.0
21-05-2021 16:45,1,m,2487.75,244.0,7499.75,6233440.75
21-05-2021 16:45,1,n,2476.285714,242.9285714,7673.571429,7217871.571
21-05-2021 16:45,1,o,2654.75,260.4875,7658.375,7160291.375
21-05-2021 16:45,1,p,2419.428571,237.3,7721.285714,7065782.286
21-05-2021 16:45,1,q,2472.285714,242.5,7758.714286,7087869.714
21-05-2021 16:45,1,r,2444.0,239.7571429,7707.571429,6831951.571
21-05-2021 16:45,1,s,2415.285714,236.9285714,7782.714286,7057043.714
21-05-2021 16:45,1,t,2473.142857,242.6142857,7631.142857,6388493.143
21-05-2021 16:45,1,u,2615.125,256.5875,7837.625,7165016.625
21-05-2021 17:00,1,a,997.75,96.95,7181.125,6305527.125
21-05-2021 17:00,1,b,1100.625,107.025,7754.75,6233181.75
21-05-2021 17:00,1,c,1082.875,105.2625,7743.875,7037237.875
21-05-2021 17:00,1,d,1059.0,102.9125,7592.75,7651572.75
21-05-2021 17:00,1,e,1069.625,103.9625,7925.375,7208987.375
21-05-2021 17:00,1,f,1078.0,104.7875,7774.0,7256298.0
21-05-2021 17:00,1,g,1076.625,104.65,7569.625,7077294.625
21-05-2021 17:00,1,w,1070.285714,104.0428571,7673.142857,7228967.143
21-05-2021 17:00,1,h,1074.857143,104.4571429,7755.571429,6571800.571
21-05-2021 17:00,1,i,1059.857143,103.0142857,7550.857143,7146618.857
21-05-2021 17:00,1,j,1113.125,108.2,7892.5,6321507.5
21-05-2021 17:00,1,k,992.375,96.4375,7048.125,6362086.125
21-05-2021 17:00,1,l,1067.375,103.75,7770.5,7227375.5
21-05-2021 17:00,1,m,1048.571429,101.8857143,7539.571429,6233480.571
21-05-2021 17:00,1,n,1068.125,103.825,7711.75,7217909.75
21-05-2021 17:00,1,o,1079.285714,104.9,7698.857143,7160331.857
21-05-2021 17:00,1,p,1058.75,102.9125,7758.875,7065819.875
21-05-2021 17:00,1,q,1072.125,104.1875,7797.25,7087908.25
21-05-2021 17:00,1,r,1065.5,103.575,7745.5,6831989.5
21-05-2021 17:00,1,s,1059.625,103.0,7820.375,7057081.375
21-05-2021 17:00,1,t,1074.375,104.4375,7669.75,6388531.75
21-05-2021 17:00,1,u,1069.0,103.9142857,7877.714286,7165056.714
21-05-2021 17:15,1,a,705.0,68.31428571,7201.571429,6305547.571
21-05-2021 17:15,1,b,780.0,75.68571429,7777.285714,6233204.286
21-05-2021 17:15,1,c,765.2857143,74.22857143,7765.857143,7037259.857
21-05-2021 17:15,1,d,753.2857143,73.04285714,7614.285714,7651594.286
21-05-2021 17:15,1,e,768.1428571,74.48571429,7947.428571,7209009.429
21-05-2021 17:15,1,f,767.4285714,74.4,7796.142857,7256320.143
21-05-2021 17:15,1,g,761.0,73.8,7591.285714,7077316.286
21-05-2021 17:15,1,w,763.25,74.0125,7694.625,7228988.625
21-05-2021 17:15,1,h,766.5,74.3375,7777.75,6571822.75
21-05-2021 17:15,1,i,752.625,72.9875,7572.25,7146640.25
21-05-2021 17:15,1,j,790.1428571,76.65714286,7915.0,6321530.0
21-05-2021 17:15,1,k,704.8571429,68.28571429,7068.571429,6362106.571
21-05-2021 17:15,1,l,759.4285714,73.65714286,7791.857143,7227396.857
21-05-2021 17:15,1,m,752.375,72.9375,7560.625,6233501.625
21-05-2021 17:15,1,n,762.1428571,73.91428571,7733.285714,7217931.286
21-05-2021 17:15,1,o,772.75,74.925,7720.625,7160353.625
21-05-2021 17:15,1,p,758.4285714,73.51428571,7780.571429,7065841.571
21-05-2021 17:15,1,q,769.1428571,74.55714286,7818.857143,7087929.857
21-05-2021 17:15,1,r,758.7142857,73.58571429,7766.714286,6832010.714
21-05-2021 17:15,1,s,759.1428571,73.6,7841.714286,7057102.714
21-05-2021 17:15,1,t,766.0,74.27142857,7691.428571,6388553.429
21-05-2021 17:15,1,u,764.625,74.15,7899.0,7165078.0
21-05-2021 17:30,1,a,546.75,52.9125,7216.625,6305562.625
21-05-2021 17:30,1,b,607.125,58.75,7794.0,6233221.0
21-05-2021 17:30,1,c,591.375,57.2375,7782.75,7037276.75
21-05-2021 17:30,1,d,585.5,56.6625,7630.625,7651610.625
21-05-2021 17:30,1,e,593.125,57.4125,7964.0,7209026.0
21-05-2021 17:30,1,f,596.0,57.675,7812.0,7256336.0
21-05-2021 17:30,1,g,590.0,57.1375,7608.0,7077333.0
21-05-2021 17:30,1,w,592.8571429,57.38571429,7711.0,7229005.0
21-05-2021 17:30,1,h,593.5714286,57.44285714,7794.714286,6571839.714
21-05-2021 17:30,1,i,585.4285714,56.65714286,7588.714286,7146656.714
21-05-2021 17:30,1,j,617.0,59.7125,7932.0,6321547.0
21-05-2021 17:30,1,k,545.125,52.725,7083.75,6362121.75
21-05-2021 17:30,1,l,588.5,56.975,7808.375,7227413.375
21-05-2021 17:30,1,m,584.1428571,56.54285714,7577.142857,6233518.143
21-05-2021 17:30,1,n,594.125,57.5,7749.5,7217947.5
21-05-2021 17:30,1,o,601.1428571,58.2,7737.0,7160370.0
21-05-2021 17:30,1,p,589.375,57.0625,7797.375,7065858.375
21-05-2021 17:30,1,q,599.125,57.975,7835.875,7087946.875
21-05-2021 17:30,1,r,587.125,56.8,7783.5,6832027.5
21-05-2021 17:30,1,s,586.5,56.75,7858.25,7057119.25
21-05-2021 17:30,1,t,593.5,57.4375,7708.0,6388570.0
21-05-2021 17:30,1,u,593.1428571,57.4,7915.0,7165094.0
21-05-2021 17:45,1,a,402.2857143,38.87142857,7228.142857,6305574.143
21-05-2021 17:45,1,b,449.4285714,43.47142857,7807.142857,6233234.143
21-05-2021 17:45,1,c,438.1428571,42.35714286,7795.428571,7037289.429
21-05-2021 17:45,1,d,433.0,41.87142857,7642.857143,7651622.857
21-05-2021 17:45,1,e,438.1428571,42.34285714,7976.714286,7209038.714
21-05-2021 17:45,1,f,440.8571429,42.6,7825.142857,7256349.143
21-05-2021 17:45,1,g,435.5714286,42.11428571,7620.571429,7077345.571
21-05-2021 17:45,1,w,438.875,42.4625,7723.375,7229017.375
21-05-2021 17:45,1,h,438.375,42.3875,7806.625,6571851.625
21-05-2021 17:45,1,i,432.125,41.7875,7601.25,7146669.25
21-05-2021 17:45,1,j,458.1428571,44.28571429,7945.0,6321560.0
21-05-2021 17:45,1,k,402.1428571,38.88571429,7095.285714,6362133.286
21-05-2021 17:45,1,l,438.5714286,42.38571429,7820.857143,7227425.857
21-05-2021 17:45,1,m,432.0,41.775,7589.5,6233530.5
21-05-2021 17:45,1,n,438.8571429,42.42857143,7762.428571,7217960.429
21-05-2021 17:45,1,o,446.375,43.1375,7750.0,7160383.0
21-05-2021 17:45,1,p,435.5714286,42.1,7809.285714,7065870.286
21-05-2021 17:45,1,q,443.8571429,42.92857143,7848.0,7087959.0
21-05-2021 17:45,1,r,435.1428571,42.05714286,7795.285714,6832039.286
21-05-2021 17:45,1,s,433.4285714,41.88571429,7870.428571,7057131.429
21-05-2021 17:45,1,t,441.4285714,42.68571429,7720.428571,6388582.429
21-05-2021 17:45,1,u,439.75,42.5125,7928.0,7165107.0
21-05-2021 18:00,1,a,287.625,27.8125,7236.75,6305582.75
21-05-2021 18:00,1,b,292.875,28.2875,7816.5,6233243.5
21-05-2021 18:00,1,c,282.75,27.3125,7804.5,7037298.5
21-05-2021 18:00,1,d,319.7142857,30.9,7651.428571,7651631.429
21-05-2021 18:00,1,e,324.8571429,31.37142857,7985.571429,7209047.571
21-05-2021 18:00,1,f,328.2857143,31.7,7834.142857,7256358.143
21-05-2021 18:00,1,g,283.375,27.3875,7629.75,7077354.75
21-05-2021 18:00,1,w,314.7142857,30.4,7732.857143,7229026.857
21-05-2021 18:00,1,h,312.5714286,30.21428571,7815.857143,6571860.857
21-05-2021 18:00,1,i,310.2857143,29.98571429,7610.428571,7146678.429
21-05-2021 18:00,1,j,300.25,29.0375,7954.75,6321569.75
21-05-2021 18:00,1,k,288.25,27.85,7103.875,6362141.875
21-05-2021 18:00,1,l,323.0,31.21428571,7829.571429,7227434.571
21-05-2021 18:00,1,m,310.0,29.94285714,7598.571429,6233539.571
21-05-2021 18:00,1,n,311.75,30.1,7771.5,7217969.5
21-05-2021 18:00,1,o,321.4285714,31.04285714,7759.285714,7160392.286
21-05-2021 18:00,1,p,320.7142857,30.98571429,7818.0,7065879.0
21-05-2021 18:00,1,q,315.125,30.4375,7857.375,7087968.375
21-05-2021 18:00,1,r,309.75,29.9,7804.5,6832048.5
21-05-2021 18:00,1,s,307.0,29.6375,7879.5,7057140.5
21-05-2021 18:00,1,t,324.2857143,31.31428571,7729.142857,6388591.143
21-05-2021 18:00,1,u,316.2857143,30.55714286,7937.428571,7165116.429
21-05-2021 18:15,1,a,115.7142857,11.15714286,7241.857143,6305587.857
21-05-2021 18:15,1,d,0.0,0.0,7655.0,7651635.0
21-05-2021 18:15,1,e,137.5,13.2375,7991.5,7209053.5
21-05-2021 18:15,1,f,0.0,0.0,7837.0,7256361.0
21-05-2021 18:15,1,w,130.125,12.55,7738.5,7229032.5
21-05-2021 18:15,1,i,127.625,12.325,7615.625,7146683.625
21-05-2021 18:15,1,k,117.1428571,11.3,7108.714286,6362146.714
21-05-2021 18:15,1,l,136.5,13.175,7835.25,7227440.25
21-05-2021 18:15,1,n,123.7142857,11.94285714,7777.142857,7217975.143
21-05-2021 18:15,1,o,133.875,12.925,7765.125,7160398.125
21-05-2021 18:15,1,p,135.625,13.0875,7823.875,7065884.875
21-05-2021 18:15,1,q,125.8571429,12.15714286,7863.142857,7087974.143
21-05-2021 18:15,1,r,127.5714286,12.31428571,7810.142857,6832054.143
21-05-2021 18:15,1,s,120.1428571,11.57142857,7885.142857,7057146.143
21-05-2021 18:15,1,t,136.5,13.175,7735.125,6388597.125
21-05-2021 18:15,1,u,128.375,12.4,7942.75,7165121.75
21-05-2021 18:30,1,a,0.0,0.0,7243.0,6305589.0
21-05-2021 18:30,1,e,0.0,0.0,7993.0,7209055.0
21-05-2021 18:30,1,w,0.0,0.0,7740.0,7229034.0
21-05-2021 18:30,1,i,0.0,0.0,7617.0,7146685.0
21-05-2021 18:30,1,k,0.0,0.0,7110.0,6362148.0
21-05-2021 18:30,1,l,0.0,0.0,7837.0,7227442.0
21-05-2021 18:30,1,n,0.0,0.0,7778.0,7217976.0
21-05-2021 18:30,1,o,0.0,0.0,7766.0,7160399.0
21-05-2021 18:30,1,p,0.0,0.0,7825.0,7065886.0
21-05-2021 18:30,1,q,0.0,0.0,7865.0,7087976.0
21-05-2021 18:30,1,r,0.0,0.0,7811.0,6832055.0
21-05-2021 18:30,1,s,0.0,0.0,7886.0,7057147.0
21-05-2021 18:30,1,t,0.0,0.0,7737.0,6388599.0
21-05-2021 18:30,1,u,0.0,0.0,7944.0,7165123.0
21-05-2021 18:45,1,a,0.0,0.0,7243.0,6305589.0
21-05-2021 18:45,1,e,0.0,0.0,7993.0,7209055.0
21-05-2021 18:45,1,w,0.0,0.0,7740.0,7229034.0
21-05-2021 18:45,1,i,0.0,0.0,7617.0,7146685.0
21-05-2021 18:45,1,k,0.0,0.0,7110.0,6362148.0
21-05-2021 18:45,1,l,0.0,0.0,7837.0,7227442.0
21-05-2021 18:45,1,n,0.0,0.0,7778.0,7217976.0
21-05-2021 18:45,1,o,0.0,0.0,7766.0,7160399.0
21-05-2021 18:45,1,p,0.0,0.0,7825.0,7065886.0
21-05-2021 18:45,1,q,0.0,0.0,7865.0,7087976.0
21-05-2021 18:45,1,r,0.0,0.0,7811.0,6832055.0
21-05-2021 18:45,1,s,0.0,0.0,7886.0,7057147.0
21-05-2021 18:45,1,t,0.0,0.0,7737.0,6388599.0
21-05-2021 18:45,1,u,0.0,0.0,7944.0,7165123.0
21-05-2021 19:00,1,a,0.0,0.0,7243.0,6305589.0
21-05-2021 19:00,1,e,0.0,0.0,7993.0,7209055.0
21-05-2021 19:00,1,w,0.0,0.0,7740.0,7229034.0
21-05-2021 19:00,1,i,0.0,0.0,7617.0,7146685.0
21-05-2021 19:00,1,k,0.0,0.0,7110.0,6362148.0
21-05-2021 19:00,1,l,0.0,0.0,7837.0,7227442.0
21-05-2021 19:00,1,n,0.0,0.0,7778.0,7217976.0
21-05-2021 19:00,1,o,0.0,0.0,7766.0,7160399.0
21-05-2021 19:00,1,p,0.0,0.0,7825.0,7065886.0
21-05-2021 19:00,1,q,0.0,0.0,7865.0,7087976.0
21-05-2021 19:00,1,r,0.0,0.0,7811.0,6832055.0
21-05-2021 19:00,1,s,0.0,0.0,7886.0,7057147.0
21-05-2021 19:00,1,t,0.0,0.0,7737.0,6388599.0
21-05-2021 19:00,1,u,0.0,0.0,7944.0,7165123.0
21-05-2021 19:15,1,a,0.0,0.0,7243.0,6305589.0
21-05-2021 19:15,1,e,0.0,0.0,7993.0,7209055.0
21-05-2021 19:15,1,w,0.0,0.0,7740.0,7229034.0
21-05-2021 19:15,1,i,0.0,0.0,7617.0,7146685.0
21-05-2021 19:15,1,k,0.0,0.0,7110.0,6362148.0
21-05-2021 19:15,1,l,0.0,0.0,7837.0,7227442.0
21-05-2021 19:15,1,n,0.0,0.0,7778.0,7217976.0
21-05-2021 19:15,1,o,0.0,0.0,7766.0,7160399.0
21-05-2021 19:15,1,p,0.0,0.0,7825.0,7065886.0
21-05-2021 19:15,1,q,0.0,0.0,7865.0,7087976.0
21-05-2021 19:15,1,r,0.0,0.0,7811.0,6832055.0
21-05-2021 19:15,1,s,0.0,0.0,7886.0,7057147.0
21-05-2021 19:15,1,t,0.0,0.0,7737.0,6388599.0
21-05-2021 19:15,1,u,0.0,0.0,7944.0,7165123.0
21-05-2021 19:30,1,a,0.0,0.0,7243.0,6305589.0
21-05-2021 19:30,1,e,0.0,0.0,7993.0,7209055.0
21-05-2021 19:30,1,w,0.0,0.0,7740.0,7229034.0
21-05-2021 19:30,1,i,0.0,0.0,7617.0,7146685.0
21-05-2021 19:30,1,k,0.0,0.0,7110.0,6362148.0
21-05-2021 19:30,1,l,0.0,0.0,7837.0,7227442.0
21-05-2021 19:30,1,n,0.0,0.0,7778.0,7217976.0
21-05-2021 19:30,1,o,0.0,0.0,7766.0,7160399.0
21-05-2021 19:30,1,p,0.0,0.0,7825.0,7065886.0
21-05-2021 19:30,1,q,0.0,0.0,7865.0,7087976.0
21-05-2021 19:30,1,r,0.0,0.0,7811.0,6832055.0
21-05-2021 19:30,1,s,0.0,0.0,7886.0,7057147.0
21-05-2021 19:30,1,t,0.0,0.0,7737.0,6388599.0
21-05-2021 19:30,1,u,0.0,0.0,7944.0,7165123.0
21-05-2021 19:45,1,a,0.0,0.0,7243.0,6305589.0
21-05-2021 19:45,1,e,0.0,0.0,7993.0,7209055.0
21-05-2021 19:45,1,w,0.0,0.0,7740.0,7229034.0
21-05-2021 19:45,1,i,0.0,0.0,7617.0,7146685.0
21-05-2021 19:45,1,k,0.0,0.0,7110.0,6362148.0
21-05-2021 19:45,1,l,0.0,0.0,7837.0,7227442.0
21-05-2021 19:45,1,n,0.0,0.0,7778.0,7217976.0
21-05-2021 19:45,1,o,0.0,0.0,7766.0,7160399.0
21-05-2021 19:45,1,p,0.0,0.0,7825.0,7065886.0
21-05-2021 19:45,1,q,0.0,0.0,7865.0,7087976.0
21-05-2021 19:45,1,r,0.0,0.0,7811.0,6832055.0
21-05-2021 19:45,1,s,0.0,0.0,7886.0,7057147.0
21-05-2021 19:45,1,t,0.0,0.0,7737.0,6388599.0
21-05-2021 19:45,1,u,0.0,0.0,7944.0,7165123.0
21-05-2021 20:00,1,a,0.0,0.0,7243.0,6305589.0
21-05-2021 20:00,1,e,0.0,0.0,7993.0,7209055.0
21-05-2021 20:00,1,w,0.0,0.0,7740.0,7229034.0
21-05-2021 20:00,1,i,0.0,0.0,7617.0,7146685.0
21-05-2021 20:00,1,k,0.0,0.0,7110.0,6362148.0
21-05-2021 20:00,1,l,0.0,0.0,7837.0,7227442.0
21-05-2021 20:00,1,n,0.0,0.0,7778.0,7217976.0
21-05-2021 20:00,1,o,0.0,0.0,7766.0,7160399.0
21-05-2021 20:00,1,p,0.0,0.0,7825.0,7065886.0
21-05-2021 20:00,1,q,0.0,0.0,7865.0,7087976.0
21-05-2021 20:00,1,r,0.0,0.0,7811.0,6832055.0
21-05-2021 20:00,1,s,0.0,0.0,7886.0,7057147.0
21-05-2021 20:00,1,t,0.0,0.0,7737.0,6388599.0
21-05-2021 20:00,1,u,0.0,0.0,7944.0,7165123.0
21-05-2021 20:15,1,a,0.0,0.0,7243.0,6305589.0
21-05-2021 20:15,1,b,0.0,0.0,0.0,6233247.0
21-05-2021 20:15,1,c,0.0,0.0,0.0,7037301.0
21-05-2021 20:15,1,d,0.0,0.0,0.0,7651635.0
21-05-2021 20:15,1,e,0.0,0.0,7993.0,7209055.0
21-05-2021 20:15,1,f,0.0,0.0,0.0,7256361.0
21-05-2021 20:15,1,g,0.0,0.0,0.0,7077358.0
21-05-2021 20:15,1,w,0.0,0.0,7740.0,7229034.0
21-05-2021 20:15,1,h,0.0,0.0,0.0,6571864.0
21-05-2021 20:15,1,i,0.0,0.0,7617.0,7146685.0
21-05-2021 20:15,1,j,0.0,0.0,0.0,6321573.0
21-05-2021 20:15,1,k,0.0,0.0,7110.0,6362148.0
21-05-2021 20:15,1,l,0.0,0.0,7837.0,7227442.0
21-05-2021 20:15,1,m,0.0,0.0,0.0,6233543.0
21-05-2021 20:15,1,n,0.0,0.0,7778.0,7217976.0
21-05-2021 20:15,1,o,0.0,0.0,7766.0,7160399.0
21-05-2021 20:15,1,p,0.0,0.0,7825.0,7065886.0
21-05-2021 20:15,1,q,0.0,0.0,7865.0,7087976.0
21-05-2021 20:15,1,r,0.0,0.0,7811.0,6832055.0
21-05-2021 20:15,1,s,0.0,0.0,7886.0,7057147.0
21-05-2021 20:15,1,t,0.0,0.0,7737.0,6388599.0
21-05-2021 20:15,1,u,0.0,0.0,7944.0,7165123.0
21-05-2021 20:30,1,a,0.0,0.0,7243.0,6305589.0
21-05-2021 20:30,1,b,0.0,0.0,0.0,6233247.0
21-05-2021 20:30,1,c,0.0,0.0,0.0,7037301.0
21-05-2021 20:30,1,d,0.0,0.0,0.0,7651635.0
21-05-2021 20:30,1,e,0.0,0.0,7993.0,7209055.0
21-05-2021 20:30,1,f,0.0,0.0,0.0,7256361.0
21-05-2021 20:30,1,g,0.0,0.0,0.0,7077358.0
21-05-2021 20:30,1,w,0.0,0.0,7740.0,7229034.0
21-05-2021 20:30,1,h,0.0,0.0,0.0,6571864.0
21-05-2021 20:30,1,i,0.0,0.0,7617.0,7146685.0
21-05-2021 20:30,1,j,0.0,0.0,0.0,6321573.0
21-05-2021 20:30,1,k,0.0,0.0,7110.0,6362148.0
21-05-2021 20:30,1,l,0.0,0.0,7837.0,7227442.0
21-05-2021 20:30,1,m,0.0,0.0,0.0,6233543.0
21-05-2021 20:30,1,n,0.0,0.0,7778.0,7217976.0
21-05-2021 20:30,1,o,0.0,0.0,7766.0,7160399.0
21-05-2021 20:30,1,p,0.0,0.0,7825.0,7065886.0
21-05-2021 20:30,1,q,0.0,0.0,7865.0,7087976.0
21-05-2021 20:30,1,r,0.0,0.0,7811.0,6832055.0
21-05-2021 20:30,1,s,0.0,0.0,7886.0,7057147.0
21-05-2021 20:30,1,t,0.0,0.0,7737.0,6388599.0
21-05-2021 20:30,1,u,0.0,0.0,7944.0,7165123.0
21-05-2021 20:45,1,a,0.0,0.0,7243.0,6305589.0
21-05-2021 20:45,1,b,0.0,0.0,0.0,6233247.0
21-05-2021 20:45,1,c,0.0,0.0,0.0,7037301.0
21-05-2021 20:45,1,d,0.0,0.0,0.0,7651635.0
21-05-2021 20:45,1,e,0.0,0.0,7993.0,7209055.0
21-05-2021 20:45,1,f,0.0,0.0,0.0,7256361.0
21-05-2021 20:45,1,g,0.0,0.0,0.0,7077358.0
21-05-2021 20:45,1,w,0.0,0.0,7740.0,7229034.0
21-05-2021 20:45,1,h,0.0,0.0,0.0,6571864.0
21-05-2021 20:45,1,i,0.0,0.0,7617.0,7146685.0
21-05-2021 20:45,1,j,0.0,0.0,0.0,6321573.0
21-05-2021 20:45,1,k,0.0,0.0,7110.0,6362148.0
21-05-2021 20:45,1,l,0.0,0.0,7837.0,7227442.0
21-05-2021 20:45,1,m,0.0,0.0,0.0,6233543.0
21-05-2021 20:45,1,n,0.0,0.0,7778.0,7217976.0
21-05-2021 20:45,1,o,0.0,0.0,7766.0,7160399.0
21-05-2021 20:45,1,p,0.0,0.0,7825.0,7065886.0
21-05-2021 20:45,1,q,0.0,0.0,7865.0,7087976.0
21-05-2021 20:45,1,r,0.0,0.0,7811.0,6832055.0
21-05-2021 20:45,1,s,0.0,0.0,7886.0,7057147.0
21-05-2021 20:45,1,t,0.0,0.0,7737.0,6388599.0
21-05-2021 20:45,1,u,0.0,0.0,7944.0,7165123.0
21-05-2021 21:00,1,a,0.0,0.0,7243.0,6305589.0
21-05-2021 21:00,1,b,0.0,0.0,0.0,6233247.0
21-05-2021 21:00,1,c,0.0,0.0,0.0,7037301.0
21-05-2021 21:00,1,d,0.0,0.0,0.0,7651635.0
21-05-2021 21:00,1,e,0.0,0.0,7993.0,7209055.0
21-05-2021 21:00,1,f,0.0,0.0,0.0,7256361.0
21-05-2021 21:00,1,g,0.0,0.0,0.0,7077358.0
21-05-2021 21:00,1,w,0.0,0.0,7740.0,7229034.0
21-05-2021 21:00,1,h,0.0,0.0,0.0,6571864.0
21-05-2021 21:00,1,i,0.0,0.0,7617.0,7146685.0
21-05-2021 21:00,1,j,0.0,0.0,0.0,6321573.0
21-05-2021 21:00,1,k,0.0,0.0,7110.0,6362148.0
21-05-2021 21:00,1,l,0.0,0.0,7837.0,7227442.0
21-05-2021 21:00,1,m,0.0,0.0,0.0,6233543.0
21-05-2021 21:00,1,n,0.0,0.0,7778.0,7217976.0
21-05-2021 21:00,1,o,0.0,0.0,7766.0,7160399.0
21-05-2021 21:00,1,p,0.0,0.0,7825.0,7065886.0
21-05-2021 21:00,1,q,0.0,0.0,7865.0,7087976.0
21-05-2021 21:00,1,r,0.0,0.0,7811.0,6832055.0
21-05-2021 21:00,1,s,0.0,0.0,7886.0,7057147.0
21-05-2021 21:00,1,t,0.0,0.0,7737.0,6388599.0
21-05-2021 21:00,1,u,0.0,0.0,7944.0,7165123.0
21-05-2021 21:15,1,a,0.0,0.0,7243.0,6305589.0
21-05-2021 21:15,1,b,0.0,0.0,0.0,6233247.0
21-05-2021 21:15,1,c,0.0,0.0,0.0,7037301.0
21-05-2021 21:15,1,d,0.0,0.0,0.0,7651635.0
21-05-2021 21:15,1,e,0.0,0.0,7993.0,7209055.0
21-05-2021 21:15,1,f,0.0,0.0,0.0,7256361.0
21-05-2021 21:15,1,g,0.0,0.0,0.0,7077358.0
21-05-2021 21:15,1,w,0.0,0.0,7740.0,7229034.0
21-05-2021 21:15,1,h,0.0,0.0,0.0,6571864.0
21-05-2021 21:15,1,i,0.0,0.0,7617.0,7146685.0
21-05-2021 21:15,1,j,0.0,0.0,0.0,6321573.0
21-05-2021 21:15,1,k,0.0,0.0,7110.0,6362148.0
21-05-2021 21:15,1,l,0.0,0.0,7837.0,7227442.0
21-05-2021 21:15,1,m,0.0,0.0,0.0,6233543.0
21-05-2021 21:15,1,n,0.0,0.0,7778.0,7217976.0
21-05-2021 21:15,1,o,0.0,0.0,7766.0,7160399.0
21-05-2021 21:15,1,p,0.0,0.0,7825.0,7065886.0
21-05-2021 21:15,1,q,0.0,0.0,7865.0,7087976.0
21-05-2021 21:15,1,r,0.0,0.0,7811.0,6832055.0
21-05-2021 21:15,1,s,0.0,0.0,7886.0,7057147.0
21-05-2021 21:15,1,t,0.0,0.0,7737.0,6388599.0
21-05-2021 21:15,1,u,0.0,0.0,7944.0,7165123.0
21-05-2021 21:30,1,a,0.0,0.0,7243.0,6305589.0
21-05-2021 21:30,1,b,0.0,0.0,0.0,6233247.0
21-05-2021 21:30,1,c,0.0,0.0,0.0,7037301.0
21-05-2021 21:30,1,d,0.0,0.0,0.0,7651635.0
21-05-2021 21:30,1,e,0.0,0.0,7993.0,7209055.0
21-05-2021 21:30,1,f,0.0,0.0,0.0,7256361.0
21-05-2021 21:30,1,g,0.0,0.0,0.0,7077358.0
21-05-2021 21:30,1,w,0.0,0.0,7740.0,7229034.0
21-05-2021 21:30,1,h,0.0,0.0,0.0,6571864.0
21-05-2021 21:30,1,i,0.0,0.0,7617.0,7146685.0
21-05-2021 21:30,1,j,0.0,0.0,0.0,6321573.0
21-05-2021 21:30,1,k,0.0,0.0,7110.0,6362148.0
21-05-2021 21:30,1,l,0.0,0.0,7837.0,7227442.0
21-05-2021 21:30,1,m,0.0,0.0,0.0,6233543.0
21-05-2021 21:30,1,n,0.0,0.0,7778.0,7217976.0
21-05-2021 21:30,1,o,0.0,0.0,7766.0,7160399.0
21-05-2021 21:30,1,p,0.0,0.0,7825.0,7065886.0
21-05-2021 21:30,1,q,0.0,0.0,7865.0,7087976.0
21-05-2021 21:30,1,r,0.0,0.0,7811.0,6832055.0
21-05-2021 21:30,1,s,0.0,0.0,7886.0,7057147.0
21-05-2021 21:30,1,t,0.0,0.0,7737.0,6388599.0
21-05-2021 21:30,1,u,0.0,0.0,7944.0,7165123.0
21-05-2021 21:45,1,a,0.0,0.0,7243.0,6305589.0
21-05-2021 21:45,1,b,0.0,0.0,0.0,6233247.0
21-05-2021 21:45,1,c,0.0,0.0,0.0,7037301.0
21-05-2021 21:45,1,d,0.0,0.0,0.0,7651635.0
21-05-2021 21:45,1,e,0.0,0.0,7993.0,7209055.0
21-05-2021 21:45,1,f,0.0,0.0,0.0,7256361.0
21-05-2021 21:45,1,g,0.0,0.0,0.0,7077358.0
21-05-2021 21:45,1,w,0.0,0.0,7740.0,7229034.0
21-05-2021 21:45,1,h,0.0,0.0,0.0,6571864.0
21-05-2021 21:45,1,i,0.0,0.0,7617.0,7146685.0
21-05-2021 21:45,1,j,0.0,0.0,0.0,6321573.0
21-05-2021 21:45,1,k,0.0,0.0,7110.0,6362148.0
21-05-2021 21:45,1,l,0.0,0.0,7837.0,7227442.0
21-05-2021 21:45,1,m,0.0,0.0,0.0,6233543.0
21-05-2021 21:45,1,n,0.0,0.0,7778.0,7217976.0
21-05-2021 21:45,1,o,0.0,0.0,7766.0,7160399.0
21-05-2021 21:45,1,p,0.0,0.0,7825.0,7065886.0
21-05-2021 21:45,1,q,0.0,0.0,7865.0,7087976.0
21-05-2021 21:45,1,r,0.0,0.0,7811.0,6832055.0
21-05-2021 21:45,1,s,0.0,0.0,7886.0,7057147.0
21-05-2021 21:45,1,t,0.0,0.0,7737.0,6388599.0
21-05-2021 21:45,1,u,0.0,0.0,7944.0,7165123.0
21-05-2021 22:00,1,a,0.0,0.0,7243.0,6305589.0
21-05-2021 22:00,1,b,0.0,0.0,0.0,6233247.0
21-05-2021 22:00,1,c,0.0,0.0,0.0,7037301.0
21-05-2021 22:00,1,d,0.0,0.0,0.0,7651635.0
21-05-2021 22:00,1,e,0.0,0.0,7993.0,7209055.0
21-05-2021 22:00,1,f,0.0,0.0,0.0,7256361.0
21-05-2021 22:00,1,g,0.0,0.0,0.0,7077358.0
21-05-2021 22:00,1,w,0.0,0.0,7740.0,7229034.0
21-05-2021 22:00,1,h,0.0,0.0,0.0,6571864.0
21-05-2021 22:00,1,i,0.0,0.0,7617.0,7146685.0
21-05-2021 22:00,1,j,0.0,0.0,0.0,6321573.0
21-05-2021 22:00,1,k,0.0,0.0,7110.0,6362148.0
21-05-2021 22:00,1,l,0.0,0.0,7837.0,7227442.0
21-05-2021 22:00,1,m,0.0,0.0,0.0,6233543.0
21-05-2021 22:00,1,n,0.0,0.0,7778.0,7217976.0
21-05-2021 22:00,1,o,0.0,0.0,7766.0,7160399.0
21-05-2021 22:00,1,p,0.0,0.0,7825.0,7065886.0
21-05-2021 22:00,1,q,0.0,0.0,7865.0,7087976.0
21-05-2021 22:00,1,r,0.0,0.0,7811.0,6832055.0
21-05-2021 22:00,1,s,0.0,0.0,7886.0,7057147.0
21-05-2021 22:00,1,t,0.0,0.0,7737.0,6388599.0
21-05-2021 22:00,1,u,0.0,0.0,7944.0,7165123.0
21-05-2021 22:15,1,a,0.0,0.0,7243.0,6305589.0
21-05-2021 22:15,1,b,0.0,0.0,0.0,6233247.0
21-05-2021 22:15,1,c,0.0,0.0,0.0,7037301.0
21-05-2021 22:15,1,d,0.0,0.0,0.0,7651635.0
21-05-2021 22:15,1,e,0.0,0.0,7993.0,7209055.0
21-05-2021 22:15,1,f,0.0,0.0,0.0,7256361.0
21-05-2021 22:15,1,g,0.0,0.0,0.0,7077358.0
21-05-2021 22:15,1,w,0.0,0.0,7740.0,7229034.0
21-05-2021 22:15,1,h,0.0,0.0,0.0,6571864.0
21-05-2021 22:15,1,i,0.0,0.0,7617.0,7146685.0
21-05-2021 22:15,1,j,0.0,0.0,0.0,6321573.0
21-05-2021 22:15,1,k,0.0,0.0,7110.0,6362148.0
21-05-2021 22:15,1,l,0.0,0.0,7837.0,7227442.0
21-05-2021 22:15,1,m,0.0,0.0,0.0,6233543.0
21-05-2021 22:15,1,n,0.0,0.0,7778.0,7217976.0
21-05-2021 22:15,1,o,0.0,0.0,7766.0,7160399.0
21-05-2021 22:15,1,p,0.0,0.0,7825.0,7065886.0
21-05-2021 22:15,1,q,0.0,0.0,7865.0,7087976.0
21-05-2021 22:15,1,r,0.0,0.0,7811.0,6832055.0
21-05-2021 22:15,1,s,0.0,0.0,7886.0,7057147.0
21-05-2021 22:15,1,t,0.0,0.0,7737.0,6388599.0
21-05-2021 22:15,1,u,0.0,0.0,7944.0,7165123.0
21-05-2021 22:30,1,a,0.0,0.0,7243.0,6305589.0
21-05-2021 22:30,1,b,0.0,0.0,0.0,6233247.0
21-05-2021 22:30,1,c,0.0,0.0,0.0,7037301.0
21-05-2021 22:30,1,d,0.0,0.0,0.0,7651635.0
21-05-2021 22:30,1,e,0.0,0.0,7993.0,7209055.0
21-05-2021 22:30,1,f,0.0,0.0,0.0,7256361.0
21-05-2021 22:30,1,g,0.0,0.0,0.0,7077358.0
21-05-2021 22:30,1,w,0.0,0.0,7740.0,7229034.0
21-05-2021 22:30,1,h,0.0,0.0,0.0,6571864.0
21-05-2021 22:30,1,i,0.0,0.0,7617.0,7146685.0
21-05-2021 22:30,1,j,0.0,0.0,0.0,6321573.0
21-05-2021 22:30,1,k,0.0,0.0,7110.0,6362148.0
21-05-2021 22:30,1,l,0.0,0.0,7837.0,7227442.0
21-05-2021 22:30,1,m,0.0,0.0,0.0,6233543.0
21-05-2021 22:30,1,n,0.0,0.0,7778.0,7217976.0
21-05-2021 22:30,1,o,0.0,0.0,7766.0,7160399.0
21-05-2021 22:30,1,p,0.0,0.0,7825.0,7065886.0
21-05-2021 22:30,1,q,0.0,0.0,7865.0,7087976.0
21-05-2021 22:30,1,r,0.0,0.0,7811.0,6832055.0
21-05-2021 22:30,1,s,0.0,0.0,7886.0,7057147.0
21-05-2021 22:30,1,t,0.0,0.0,7737.0,6388599.0
21-05-2021 22:30,1,u,0.0,0.0,7944.0,7165123.0
21-05-2021 22:45,1,a,0.0,0.0,7243.0,6305589.0
21-05-2021 22:45,1,b,0.0,0.0,0.0,6233247.0
21-05-2021 22:45,1,c,0.0,0.0,0.0,7037301.0
21-05-2021 22:45,1,d,0.0,0.0,0.0,7651635.0
21-05-2021 22:45,1,e,0.0,0.0,7993.0,7209055.0
21-05-2021 22:45,1,f,0.0,0.0,0.0,7256361.0
21-05-2021 22:45,1,g,0.0,0.0,0.0,7077358.0
21-05-2021 22:45,1,w,0.0,0.0,7740.0,7229034.0
21-05-2021 22:45,1,h,0.0,0.0,0.0,6571864.0
21-05-2021 22:45,1,i,0.0,0.0,7617.0,7146685.0
21-05-2021 22:45,1,j,0.0,0.0,0.0,6321573.0
21-05-2021 22:45,1,k,0.0,0.0,7110.0,6362148.0
21-05-2021 22:45,1,l,0.0,0.0,7837.0,7227442.0
21-05-2021 22:45,1,m,0.0,0.0,0.0,6233543.0
21-05-2021 22:45,1,n,0.0,0.0,7778.0,7217976.0
21-05-2021 22:45,1,o,0.0,0.0,7766.0,7160399.0
21-05-2021 22:45,1,p,0.0,0.0,7825.0,7065886.0
21-05-2021 22:45,1,q,0.0,0.0,7865.0,7087976.0
21-05-2021 22:45,1,r,0.0,0.0,7811.0,6832055.0
21-05-2021 22:45,1,s,0.0,0.0,7886.0,7057147.0
21-05-2021 22:45,1,t,0.0,0.0,7737.0,6388599.0
21-05-2021 22:45,1,u,0.0,0.0,7944.0,7165123.0
21-05-2021 23:00,1,a,0.0,0.0,7243.0,6305589.0
21-05-2021 23:00,1,b,0.0,0.0,0.0,6233247.0
21-05-2021 23:00,1,c,0.0,0.0,0.0,7037301.0
21-05-2021 23:00,1,d,0.0,0.0,0.0,7651635.0
21-05-2021 23:00,1,e,0.0,0.0,7993.0,7209055.0
21-05-2021 23:00,1,f,0.0,0.0,0.0,7256361.0
21-05-2021 23:00,1,g,0.0,0.0,0.0,7077358.0
21-05-2021 23:00,1,w,0.0,0.0,7740.0,7229034.0
21-05-2021 23:00,1,h,0.0,0.0,0.0,6571864.0
21-05-2021 23:00,1,i,0.0,0.0,7617.0,7146685.0
21-05-2021 23:00,1,j,0.0,0.0,0.0,6321573.0
21-05-2021 23:00,1,k,0.0,0.0,7110.0,6362148.0
21-05-2021 23:00,1,l,0.0,0.0,7837.0,7227442.0
21-05-2021 23:00,1,m,0.0,0.0,0.0,6233543.0
21-05-2021 23:00,1,n,0.0,0.0,7778.0,7217976.0
21-05-2021 23:00,1,o,0.0,0.0,7766.0,7160399.0
21-05-2021 23:00,1,p,0.0,0.0,7825.0,7065886.0
21-05-2021 23:00,1,q,0.0,0.0,7865.0,7087976.0
21-05-2021 23:00,1,r,0.0,0.0,7811.0,6832055.0
21-05-2021 23:00,1,s,0.0,0.0,7886.0,7057147.0
21-05-2021 23:00,1,t,0.0,0.0,7737.0,6388599.0
21-05-2021 23:00,1,u,0.0,0.0,7944.0,7165123.0
21-05-2021 23:15,1,a,0.0,0.0,7243.0,6305589.0
21-05-2021 23:15,1,b,0.0,0.0,0.0,6233247.0
21-05-2021 23:15,1,c,0.0,0.0,0.0,7037301.0
21-05-2021 23:15,1,d,0.0,0.0,0.0,7651635.0
21-05-2021 23:15,1,e,0.0,0.0,7993.0,7209055.0
21-05-2021 23:15,1,f,0.0,0.0,0.0,7256361.0
21-05-2021 23:15,1,g,0.0,0.0,0.0,7077358.0
21-05-2021 23:15,1,w,0.0,0.0,7740.0,7229034.0
21-05-2021 23:15,1,h,0.0,0.0,0.0,6571864.0
21-05-2021 23:15,1,i,0.0,0.0,7617.0,7146685.0
21-05-2021 23:15,1,j,0.0,0.0,0.0,6321573.0
21-05-2021 23:15,1,k,0.0,0.0,7110.0,6362148.0
21-05-2021 23:15,1,l,0.0,0.0,7837.0,7227442.0
21-05-2021 23:15,1,m,0.0,0.0,0.0,6233543.0
21-05-2021 23:15,1,n,0.0,0.0,7778.0,7217976.0
21-05-2021 23:15,1,o,0.0,0.0,7766.0,7160399.0
21-05-2021 23:15,1,p,0.0,0.0,7825.0,7065886.0
21-05-2021 23:15,1,q,0.0,0.0,7865.0,7087976.0
21-05-2021 23:15,1,r,0.0,0.0,7811.0,6832055.0
21-05-2021 23:15,1,s,0.0,0.0,7886.0,7057147.0
21-05-2021 23:15,1,t,0.0,0.0,7737.0,6388599.0
21-05-2021 23:15,1,u,0.0,0.0,7944.0,7165123.0
21-05-2021 23:30,1,a,0.0,0.0,7243.0,6305589.0
21-05-2021 23:30,1,b,0.0,0.0,0.0,6233247.0
21-05-2021 23:30,1,c,0.0,0.0,0.0,7037301.0
21-05-2021 23:30,1,d,0.0,0.0,0.0,7651635.0
21-05-2021 23:30,1,e,0.0,0.0,7993.0,7209055.0
21-05-2021 23:30,1,f,0.0,0.0,0.0,7256361.0
21-05-2021 23:30,1,g,0.0,0.0,0.0,7077358.0
21-05-2021 23:30,1,w,0.0,0.0,7740.0,7229034.0
21-05-2021 23:30,1,h,0.0,0.0,0.0,6571864.0
21-05-2021 23:30,1,i,0.0,0.0,7617.0,7146685.0
21-05-2021 23:30,1,j,0.0,0.0,0.0,6321573.0
21-05-2021 23:30,1,k,0.0,0.0,7110.0,6362148.0
21-05-2021 23:30,1,l,0.0,0.0,7837.0,7227442.0
21-05-2021 23:30,1,m,0.0,0.0,0.0,6233543.0
21-05-2021 23:30,1,n,0.0,0.0,7778.0,7217976.0
21-05-2021 23:30,1,o,0.0,0.0,7766.0,7160399.0
21-05-2021 23:30,1,p,0.0,0.0,7825.0,7065886.0
21-05-2021 23:30,1,q,0.0,0.0,7865.0,7087976.0
21-05-2021 23:30,1,r,0.0,0.0,7811.0,6832055.0
21-05-2021 23:30,1,s,0.0,0.0,7886.0,7057147.0
21-05-2021 23:30,1,t,0.0,0.0,7737.0,6388599.0
21-05-2021 23:30,1,u,0.0,0.0,7944.0,7165123.0
21-05-2021 23:45,1,a,0.0,0.0,7243.0,6305589.0
21-05-2021 23:45,1,b,0.0,0.0,0.0,6233247.0
21-05-2021 23:45,1,c,0.0,0.0,0.0,7037301.0
21-05-2021 23:45,1,d,0.0,0.0,0.0,7651635.0
21-05-2021 23:45,1,e,0.0,0.0,5709.285714,7209055.0
21-05-2021 23:45,1,f,0.0,0.0,0.0,7256361.0
21-05-2021 23:45,1,g,0.0,0.0,0.0,7077358.0
21-05-2021 23:45,1,w,0.0,0.0,7740.0,7229034.0
21-05-2021 23:45,1,h,0.0,0.0,0.0,6571864.0
21-05-2021 23:45,1,i,0.0,0.0,7617.0,7146685.0
21-05-2021 23:45,1,j,0.0,0.0,0.0,6321573.0
21-05-2021 23:45,1,k,0.0,0.0,4062.857143,6362148.0
21-05-2021 23:45,1,l,0.0,0.0,7837.0,7227442.0
21-05-2021 23:45,1,m,0.0,0.0,0.0,6233543.0
21-05-2021 23:45,1,n,0.0,0.0,7778.0,7217976.0
21-05-2021 23:45,1,o,0.0,0.0,7766.0,7160399.0
21-05-2021 23:45,1,p,0.0,0.0,4471.428571,7065886.0
21-05-2021 23:45,1,q,0.0,0.0,7865.0,7087976.0
21-05-2021 23:45,1,r,0.0,0.0,3347.571429,6832055.0
21-05-2021 23:45,1,s,0.0,0.0,7886.0,7057147.0
21-05-2021 23:45,1,t,0.0,0.0,7737.0,6388599.0
21-05-2021 23:45,1,u,0.0,0.0,7944.0,7165123.0
